battery_power,blue,clock_speed,dual_sim,fc,four_g,int_memory,m_dep,mobile_wt,n_cores,pc,px_height,px_width,ram,sc_h,sc_w,talk_time,three_g,touch_screen,wifi,price_range
1310,1,2.3,1,16,0,34,0.73,200,3,15,1191,1027,1239,10,2,8,0,0,0,1
1159,0,2.7,0,9,0,44,0.62,167,8,23,734,823,1234,11,7,13,0,1,1,0
680,0,1.4,0,5,0,42,0.52,132,3,2,898,1260,1304,6,2,12,0,0,0,0
1173,1,0.6,0,13,1,6,0.15,167,3,14,682,1032,1490,18,5,10,0,1,1,0
2097,0,0.6,0,19,0,42,0.48,97,8,7,1014,1473,2745,7,9,2,1,1,1,2
2425,1,2.8,1,8,0,15,0.33,146,4,4,1861,2372,3695,18,4,5,1,1,0,3
2746,1,0.7,1,17,0,27,0.25,108,5,3,1544,2336,3731,6,7,7,0,0,1,3
752,0,2.0,1,18,0,37,0.7,151,7,18,546,687,912,13,5,8,1,1,0,0
1108,1,2.3,1,16,0,62,0.33,88,3,8,921,929,2423,8,2,7,1,0,0,1
1056,1,2.3,0,9,1,11,0.34,209,7,2,971,1103,2329,16,8,19,0,0,0,1
1467,0,2.1,1,18,1,55,0.33,131,4,7,1080,1445,1853,13,3,15,1,1,1,1
2087,0,2.5,0,7,1,54,0.99,213,3,10,1289,1335,3351,12,9,9,0,1,0,2
1863,1,2.4,0,9,0,8,0.82,132,6,23,1508,1864,3285,5,7,16,0,0,1,2
2814,0,3.0,0,19,1,50,0.48,203,5,12,1474,2016,3511,6,7,14,1,1,1,3
1003,1,2.5,0,8,1,19,0.63,176,4,10,1174,1415,1400,15,5,17,0,1,0,1
1155,0,2.7,0,19,0,3,0.76,89,6,20,737,660,870,11,4,17,0,0,0,0
1110,0,2.2,1,16,1,22,0.45,118,8,9,703,1069,1373,15,4,11,0,1,0,0
1647,0,2.5,1,18,0,3,0.1,133,5,5,1442,1342,2949,6,9,4,1,0,1,2
819,0,1.8,1,0,0,51,0.61,161,4,3,620,786,480,18,9,6,0,1,0,0
2182,0,0.7,1,5,0,25,0.72,191,4,10,1392,1648,3144,12,2,11,0,0,0,2
2491,1,1.9,1,17,0,39,0.49,187,1,8,1659,2213,3932,18,3,10,1,1,0,3
1145,0,1.1,1,16,1,25,0.34,112,8,1,776,1004,1277,12,8,9,1,1,1,1
2128,0,2.3,1,16,1,19,0.93,114,8,16,1501,1996,3660,10,9,17,1,1,1,3
1073,0,1.2,1,1,0,14,0.9,217,3,13,581,1050,1454,8,6,3,1,0,1,0
658,1,1.7,0,11,1,9,0.63,120,4,22,493,1084,493,15,6,2,0,1,1,0
2250,1,1.6,1,12,1,16,0.95,100,6,24,1065,1822,2307,13,5,2,0,1,0,2
1627,1,2.2,1,10,1,20,0.51,186,8,23,1518,1668,2375,10,9,7,0,0,1,2
2120,0,1.0,1,11,1,54,0.47,180,2,14,1522,1926,3685,12,2,13,0,0,1,3
863,1,0.5,1,14,0,40,0.73,132,8,2,670,1102,875,18,5,19,0,1,0,0
1681,0,1.0,0,12,1,30,0.69,112,7,9,920,1378,2204,10,5,3,1,1,1,1
1055,0,1.8,1,14,0,32,0.67,107,8,4,844,1221,988,8,5,6,0,0,1,0
852,0,1.0,0,19,0,55,0.68,82,5,9,502,700,1443,9,5,12,1,0,0,0
1615,1,2.6,1,0,1,41,0.56,196,1,4,1561,1432,3345,6,7,11,0,0,0,2
2382,0,1.3,1,12,0,25,0.11,112,8,3,1471,2274,3693,12,9,18,1,1,1,3
1041,0,1.2,0,7,1,13,0.16,204,2,15,955,1370,1453,6,5,14,1,1,0,1
1816,1,2.0,0,19,0,46,0.82,158,7,9,1030,1864,3195,18,3,11,0,0,1,2
724,1,2.3,0,11,0,50,0.12,111,5,18,598,825,678,9,6,17,0,1,0,0
1784,1,2.0,1,17,1,3,0.31,174,5,6,1139,973,2292,9,3,6,1,0,0,1
956,1,0.8,0,15,0,57,0.31,90,4,9,461,1021,1179,19,3,8,0,1,0,0
824,1,1.4,1,11,0,43,0.56,177,1,14,824,1277,325,11,5,10,0,1,1,0
1226,0,1.5,0,19,0,52,0.22,98,7,20,969,985,2265,5,9,13,0,0,1,1
1238,0,1.0,0,5,0,2,0.42,151,5,23,1148,1058,1863,15,8,11,0,0,0,1
2956,1,3.0,0,0,1,9,0.47,102,2,3,1810,1984,3277,19,7,4,0,1,1,3
1059,1,0.9,0,3,0,42,0.89,120,3,6,717,819,977,17,9,7,1,1,0,0
2060,0,1.8,1,8,1,42,0.46,219,5,17,1891,2064,3787,6,2,19,1,0,0,3
789,0,1.0,0,0,1,5,0.73,218,6,14,737,1281,1450,19,5,17,1,0,0,0
1077,0,2.5,0,1,1,9,0.49,86,8,0,956,934,1324,6,5,19,0,0,1,1
627,0,0.9,0,11,1,53,0.55,187,5,22,487,1054,313,10,5,4,0,0,1,0
1193,1,0.7,1,15,0,13,0.41,170,7,19,856,1174,2364,7,3,2,1,1,0,1
1976,1,2.4,0,12,0,45,0.36,105,3,3,1468,1953,3328,18,2,5,0,1,0,2
2881,0,1.5,1,18,0,19,0.24,132,7,20,1572,2340,3635,10,3,6,1,0,1,3
2196,1,1.5,0,8,0,20,0.66,166,5,11,1599,1719,3436,17,4,2,0,1,1,2
2180,1,2.7,1,4,0,52,0.92,169,8,1,1323,1834,2850,12,4,8,0,1,1,2
1074,1,0.7,1,1,0,43,0.53,178,4,16,655,907,1493,16,4,3,0,0,0,0
2060,1,2.4,1,9,0,13,0.27,142,8,3,1599,2124,3358,7,4,11,0,1,1,3
2165,0,0.5,0,12,0,47,0.6,139,4,22,1564,1626,3318,7,5,13,1,1,0,3
695,1,2.4,1,0,0,23,0.82,117,1,15,759,786,1104,15,5,3,0,0,0,0
1415,1,1.3,0,1,1,46,0.15,109,7,9,710,1142,1349,19,2,9,0,0,0,1
1553,1,0.8,0,15,0,22,0.79,157,6,8,773,926,1985,9,6,12,1,1,0,1
1295,0,2.4,1,12,1,4,0.65,166,2,14,876,1199,1745,19,8,11,1,0,1,1
1089,0,0.9,1,4,1,11,0.81,181,5,16,606,974,684,10,2,9,1,1,0,0
870,1,1.6,1,11,0,62,0.48,118,4,12,657,977,761,17,6,14,0,1,0,0
2769,1,1.1,1,1,1,61,0.45,198,6,20,1479,2327,3539,5,4,19,1,0,0,3
2223,1,2.3,1,15,0,9,0.52,139,3,20,1414,1957,2841,8,4,5,1,0,0,2
1446,0,0.6,0,9,0,15,0.25,156,5,9,775,1139,1401,11,8,15,0,1,0,1
601,1,1.4,0,14,0,52,0.23,120,6,3,843,661,327,10,9,15,1,0,0,0
1441,0,2.6,1,13,0,14,0.66,119,6,3,944,1512,1256,8,9,16,1,1,1,1
2363,1,2.1,0,12,1,59,0.4,199,4,9,1271,1391,2534,19,2,17,1,0,0,2
1038,0,0.9,1,17,1,42,0.36,80,8,6,720,1514,1359,9,2,14,1,1,1,1
1395,1,1.9,1,10,1,53,0.12,195,4,11,899,1404,1854,9,5,15,1,1,1,1
2315,1,2.1,0,10,0,10,0.28,144,2,4,1703,1701,3693,5,2,15,1,1,1,3
1067,1,1.5,0,16,1,46,0.25,129,7,20,737,1136,1975,17,9,19,1,0,0,1
2130,0,1.3,0,6,0,48,0.65,80,4,17,1604,2062,3383,19,2,13,1,1,1,3
1795,0,2.6,1,14,0,31,0.69,145,7,13,1402,1916,2288,15,5,5,1,1,0,2
1103,1,3.0,1,14,0,29,0.6,193,4,16,762,1064,418,10,3,3,0,1,0,0
1717,1,1.6,0,15,1,42,0.37,132,6,5,1178,1310,2401,12,4,5,1,1,1,2
2364,0,1.6,1,0,1,56,0.66,135,4,3,1503,1618,3438,18,8,7,1,1,0,3
2327,1,1.4,1,16,1,30,0.16,156,8,7,1241,1945,3128,14,8,4,1,1,0,2
2820,1,1.4,0,14,1,54,0.83,137,8,23,1647,1981,3772,8,9,7,0,0,0,3
2576,0,2.0,0,19,1,61,0.33,215,6,2,1654,1994,3869,14,4,17,0,0,1,3
2417,1,1.7,1,15,1,10,0.44,136,4,23,1618,2353,3666,11,3,17,0,0,1,3
1969,0,2.9,1,6,1,56,0.89,210,8,6,1145,1808,2314,15,5,15,1,0,0,2
2645,0,2.9,0,1,1,57,0.95,207,8,7,1747,2242,3873,8,5,8,0,0,0,3
1139,0,2.9,1,3,1,39,0.15,125,7,6,914,989,2245,12,7,15,0,1,1,1
2577,0,2.1,1,8,1,60,0.35,109,5,21,1715,1719,3399,7,2,4,1,1,1,3
2205,1,2.5,0,17,1,50,0.35,89,2,19,1766,1892,3321,17,9,4,1,1,0,3
887,0,1.5,1,4,0,35,0.88,198,7,8,652,1241,987,14,6,14,1,1,0,0
1371,0,1.9,0,4,1,29,0.73,205,4,13,1186,987,2361,12,7,3,0,1,0,1
657,1,2.0,1,17,1,47,0.91,206,1,0,593,637,879,5,3,16,0,0,0,0
1216,0,3.0,0,9,1,8,0.8,118,5,24,895,1293,1435,14,6,5,1,0,1,1
2335,0,1.2,1,13,1,2,0.35,131,1,12,1225,1305,3001,5,9,15,0,1,0,2
1350,1,0.8,1,16,1,47,0.84,135,8,14,734,1010,1629,17,7,19,0,1,0,1
2039,0,2.2,1,4,0,45,0.4,101,2,8,1433,1683,3964,19,4,6,1,1,1,3
1210,1,0.5,1,10,0,63,0.22,204,7,15,776,1300,1806,17,2,3,1,0,1,1
1472,1,1.8,0,0,1,38,0.31,170,1,18,1043,1252,1918,14,9,17,1,0,1,1
893,1,2.8,1,2,1,61,0.89,103,4,10,782,1024,393,19,6,7,1,0,1,0
1477,0,1.9,1,6,0,27,0.27,165,5,5,794,1488,1807,17,3,19,0,0,0,1
691,0,2.8,1,10,0,7,0.84,166,2,0,578,935,904,17,2,19,1,1,1,0
2392,1,2.3,1,6,0,11,0.14,94,4,7,1410,1726,2295,17,5,12,0,1,0,2
1802,0,1.7,0,16,1,8,0.14,167,4,17,1575,1285,3432,11,5,10,1,1,0,2
1006,0,1.3,1,10,1,28,0.92,143,1,1,508,1058,909,19,7,8,1,1,0,0
1835,0,0.8,0,16,1,16,0.26,202,6,2,1168,1824,2661,11,3,7,1,1,0,2
646,1,2.7,0,19,0,14,0.64,91,8,5,631,817,863,17,8,19,1,1,1,0
2396,0,1.4,0,12,0,7,0.69,189,2,19,1505,1954,3357,6,8,14,0,1,1,2
2142,1,1.5,0,16,0,19,0.72,196,6,2,1267,1685,2799,19,9,12,0,1,1,2
1007,1,0.9,0,17,1,60,0.88,134,3,1,709,1023,414,17,8,7,1,1,0,0
884,1,3.0,0,0,0,28,0.89,179,4,8,847,1271,854,7,5,4,1,0,1,0
846,0,1.9,1,16,1,3,0.2,218,1,16,721,1206,1034,9,4,9,1,0,1,0
1482,1,2.8,0,8,1,30,0.79,115,3,6,841,1454,1984,13,9,12,1,1,0,1
2029,0,1.2,1,0,1,25,0.29,88,8,17,1002,1976,3284,19,4,12,1,0,0,2
2869,1,1.8,0,1,1,23,0.37,147,4,2,1990,2182,3836,18,8,7,0,1,1,3
1496,0,2.2,0,7,1,45,0.38,110,6,14,771,1281,2326,17,5,11,0,1,1,1
2350,0,1.3,1,4,1,48,0.64,158,3,18,1222,1325,2831,15,2,12,0,0,1,2
2036,1,0.6,1,8,1,42,0.73,203,3,6,1717,1704,3816,11,5,6,0,0,1,3
1313,1,0.5,1,12,0,24,0.21,196,8,18,1078,1031,1963,15,7,13,1,1,1,1
2006,0,2.9,0,12,0,24,0.62,146,4,9,1554,1329,3007,15,6,16,1,1,1,2
794,1,2.8,1,7,0,59,0.9,146,4,10,688,863,910,6,6,11,0,1,1,0
1061,1,3.0,0,3,1,36,0.16,136,7,21,520,626,465,10,8,14,1,0,0,0
698,0,2.0,0,3,0,58,0.35,175,7,11,861,1186,533,5,4,15,0,0,1,0
937,0,2.6,0,17,0,50,0.97,196,6,20,484,974,1074,16,2,16,1,1,0,0
1802,0,2.8,0,7,0,20,0.53,108,6,21,1081,1657,3281,15,4,15,0,1,0,2
2329,0,2.6,1,4,1,59,0.65,182,3,17,1531,1782,3257,16,3,6,0,1,1,3
1076,0,2.2,1,3,1,42,0.86,207,2,14,694,959,1006,6,3,14,1,0,1,0
1334,1,1.3,0,13,1,20,0.83,98,7,3,741,1158,1941,12,5,15,1,0,0,1
2675,0,1.1,0,14,0,3,0.32,203,3,24,1829,1724,3736,19,3,4,0,1,1,3
657,0,1.2,1,14,0,33,0.17,97,2,21,638,617,1375,9,7,14,0,1,1,0
1111,0,2.8,0,4,1,50,0.51,116,1,0,832,1237,639,16,5,9,1,0,0,0
1485,0,0.9,1,16,0,20,0.46,153,5,6,1193,919,1518,10,7,7,1,0,0,1
1054,1,1.2,0,13,1,30,0.17,161,5,14,889,1113,1323,12,5,12,1,0,1,0
816,1,1.0,0,4,0,10,0.61,210,4,5,567,939,748,19,8,14,1,1,1,0
1317,0,1.0,1,18,0,3,0.84,128,7,0,951,1048,1492,8,9,12,1,1,0,1
2427,0,1.0,1,7,0,19,0.6,106,2,2,1612,1770,3857,16,6,19,0,0,0,3
2942,0,1.3,0,4,0,4,0.25,130,3,0,1695,2061,3772,5,4,2,0,0,0,3
1805,0,1.6,1,6,1,2,0.19,205,3,0,1088,1949,3132,8,5,16,0,0,0,2
1140,0,2.1,0,0,0,42,0.83,162,6,9,754,1252,1696,7,2,10,1,0,1,1
1163,1,1.0,0,16,1,53,0.51,101,7,12,496,1221,549,9,5,14,0,0,1,0
1084,0,1.0,0,5,0,63,0.16,117,3,9,850,852,727,8,6,2,1,0,0,0
2356,1,2.6,0,6,0,62,0.43,120,2,18,1858,1945,3413,16,8,19,0,0,0,3
1387,0,0.9,0,11,0,28,0.17,163,3,19,912,1198,2039,18,6,3,0,1,1,1
2370,0,1.2,0,0,1,58,0.83,167,2,8,1461,1224,3457,14,4,18,1,1,0,2
2446,0,1.9,0,18,1,3,0.87,177,3,24,1847,1802,3788,13,4,16,1,0,1,3
1069,0,1.5,1,11,1,55,0.87,143,3,5,594,875,930,6,4,19,0,1,1,0
616,0,1.4,0,4,1,37,0.77,80,4,12,644,1183,811,8,5,19,1,1,0,0
1000,1,0.8,0,5,0,3,0.28,171,8,18,712,942,447,14,8,7,0,1,0,0
801,0,1.8,0,2,0,12,0.94,197,4,19,586,1284,528,14,8,8,1,1,0,0
1095,0,2.0,1,19,0,34,0.83,204,1,3,791,1219,2097,10,2,4,1,1,1,1
947,0,2.5,1,7,0,46,0.69,130,5,0,460,954,526,17,8,18,0,1,1,0
2898,0,1.2,1,12,0,25,0.74,185,1,13,1691,2377,3324,16,4,11,1,1,1,3
2355,0,1.8,0,11,0,40,0.65,188,7,7,1201,1594,2254,8,4,4,1,1,0,2
1462,0,1.8,0,11,1,63,0.78,216,5,18,886,1518,1719,16,6,14,1,0,0,1
1251,0,0.9,0,19,1,14,0.19,93,1,1,982,1159,1819,13,2,18,0,0,1,1
1299,0,2.3,0,8,0,56,0.57,170,8,20,961,1465,1317,6,2,2,0,1,1,1
1920,0,2.0,1,11,1,33,0.37,110,1,1,1333,1742,2349,13,5,11,0,1,1,2
638,0,2.1,1,5,1,10,0.2,215,7,24,779,791,391,10,7,8,0,1,1,0
1522,1,1.9,0,10,0,2,0.87,184,1,4,842,919,2057,19,7,14,1,1,1,1
2355,1,1.1,0,6,1,37,0.99,215,2,21,1961,1752,3802,9,4,10,1,1,0,3
2011,0,1.3,0,17,0,22,0.92,187,7,24,1658,2039,3502,15,9,11,1,0,1,3
1722,0,0.9,1,10,0,28,0.36,172,2,9,744,1485,2017,16,6,17,0,0,1,1
2870,1,1.4,0,17,1,9,0.62,168,5,3,1782,2121,3773,18,5,17,0,1,1,3
922,0,1.6,1,14,1,61,0.94,145,2,19,650,1070,442,6,7,10,0,1,0,0
2049,1,0.5,1,1,0,29,0.87,184,1,18,1645,2233,3210,11,6,7,0,1,0,3
2304,1,1.6,1,10,1,27,0.51,139,7,2,1211,1789,2312,12,6,7,1,1,1,2
2210,1,2.5,1,12,1,9,0.65,202,2,3,1552,1619,2980,5,7,17,1,0,1,2
1180,1,2.1,1,5,1,15,0.8,123,6,12,869,1437,1651,5,2,18,1,0,1,1
2276,1,2.0,1,10,1,53,0.93,98,2,5,1286,1554,2251,19,7,14,1,0,0,2
2003,1,1.3,1,11,0,21,0.68,173,1,12,1744,1835,3615,5,5,8,0,1,0,3
2143,1,2.5,0,1,1,10,0.58,197,7,1,1521,1827,3361,18,5,13,0,1,1,2
2046,1,2.7,1,18,1,44,0.4,215,2,16,1458,1911,3850,8,5,8,1,1,0,3
1044,1,1.3,1,10,0,58,0.21,83,7,10,750,1152,1701,8,9,15,0,0,0,1
2297,1,1.2,1,11,1,6,0.44,123,3,9,1264,1299,2202,15,6,10,0,0,0,2
1121,0,2.7,0,8,1,55,0.19,104,4,21,459,671,750,19,9,6,0,0,0,0
2064,0,1.1,1,0,1,8,0.19,181,6,13,1215,1954,3058,17,5,13,1,0,1,2
762,0,2.3,1,11,1,53,0.25,117,3,17,798,1110,1104,14,4,6,0,1,0,0
2261,1,2.5,1,12,0,61,0.14,186,3,20,1698,2125,3419,18,8,2,1,0,0,3
1722,0,1.5,0,15,0,14,0.88,150,7,1,920,1378,1502,7,7,3,0,1,1,1
999,0,0.5,1,2,0,53,0.77,100,6,6,485,744,1257,8,2,19,1,1,0,0
1641,0,2.6,0,14,1,54,0.69,144,5,8,1355,1287,2791,14,3,16,0,1,0,2
1043,0,2.7,1,6,1,56,0.2,189,5,21,828,870,749,19,3,19,1,0,0,0
2175,1,1.5,1,17,0,63,0.39,210,7,17,1185,1908,3135,17,9,5,1,0,1,2
1502,0,1.5,0,6,1,34,0.77,202,2,20,810,1597,1797,7,6,16,1,0,1,1
1645,1,0.6,0,5,1,2,0.67,94,5,12,944,1442,1634,19,4,7,1,1,1,1
992,1,2.9,1,11,1,41,0.92,190,6,2,890,695,1473,8,3,4,1,1,1,0
2304,1,2.4,0,8,0,60,0.23,168,7,8,1057,1542,2915,17,7,8,0,1,1,2
601,1,1.5,0,6,1,53,0.69,166,4,16,434,712,1239,12,9,17,0,0,1,0
2115,1,1.6,0,7,0,31,0.68,191,1,4,1295,1228,2855,12,8,11,0,0,0,2
825,1,1.4,0,13,1,32,0.85,105,4,15,540,670,645,14,9,15,0,1,0,0
1578,0,2.9,1,16,0,23,0.87,89,7,17,731,986,1520,6,2,5,1,0,1,1
613,0,0.6,0,0,0,15,0.6,124,2,24,720,1205,726,17,6,12,0,0,0,0
1418,0,1.5,1,4,0,54,0.46,143,8,15,771,1064,1519,17,7,6,1,1,1,1
882,1,2.8,0,8,1,29,0.42,193,1,0,753,1122,1284,14,7,13,0,0,1,0
1585,0,0.7,0,10,1,63,0.46,120,8,18,907,997,2192,16,8,16,0,1,0,1
1631,1,2.8,0,16,0,45,0.61,94,5,1,1445,1782,2429,9,3,11,0,0,0,2
717,0,0.9,1,10,0,23,0.13,166,6,20,691,944,1064,8,8,16,1,1,0,0
867,1,1.2,1,18,1,2,0.97,92,3,9,558,1195,1149,19,8,19,1,1,0,0
2040,1,2.8,0,9,1,36,0.96,198,4,12,1018,1893,2854,9,3,3,0,1,0,2
1350,1,2.1,0,0,1,46,0.14,123,4,2,725,1109,2055,7,7,10,1,1,1,1
1087,0,0.7,0,12,1,16,0.97,108,5,1,1084,1027,1745,18,7,18,0,1,1,1
2316,1,2.2,0,18,0,61,0.12,186,7,13,1164,1286,2694,17,4,13,0,1,1,2
806,1,1.1,0,10,1,8,0.32,135,8,20,812,1172,727,19,5,2,0,1,0,0
1313,0,0.5,1,17,0,33,0.78,110,1,4,756,1517,1713,9,4,8,1,1,0,1
2341,0,2.2,0,8,0,63,0.11,173,2,19,1133,1717,3177,11,4,13,0,0,1,2
2022,0,2.8,0,5,0,46,0.66,133,3,23,1250,1898,2492,19,6,12,0,0,1,2
1002,0,1.3,0,7,0,43,0.51,130,1,22,660,887,1130,19,6,11,1,0,1,0
705,0,1.1,1,9,0,63,0.77,161,5,1,783,1046,1491,19,5,16,0,1,0,0
2812,1,0.9,0,10,1,35,0.88,95,5,2,1431,1861,3750,9,6,2,0,1,0,3
1117,0,0.9,1,15,1,63,0.63,185,4,17,815,1133,1905,5,4,4,0,1,0,1
2772,0,2.6,1,3,1,55,0.59,166,4,21,1465,1828,3561,8,7,6,1,1,1,3
979,0,0.8,0,0,0,22,0.27,119,6,24,513,803,754,19,5,16,0,1,0,0
2128,0,2.9,0,13,1,37,0.86,200,2,17,1399,1848,3172,16,5,9,0,1,1,2
2113,0,2.2,0,10,0,35,0.7,155,5,11,1911,1933,3376,13,6,6,0,1,1,3
2374,0,1.6,1,15,1,61,0.91,168,6,11,1426,1870,2273,15,2,17,0,0,0,2
2956,1,0.7,1,12,0,31,0.79,151,5,1,1479,2086,3944,13,8,17,1,1,0,3
1666,0,0.9,1,19,1,40,0.77,133,7,21,840,1029,1704,15,3,8,1,1,0,1
1137,0,1.0,1,10,0,4,0.91,84,5,5,911,1210,1416,12,3,6,0,0,1,1
1110,0,0.6,0,3,1,35,0.19,84,4,24,806,1253,1125,11,3,14,1,1,0,0
908,0,3.0,1,5,0,47,0.13,185,5,2,698,1084,570,13,2,4,1,0,1,0
1411,1,0.6,0,9,1,55,0.55,159,2,23,896,1115,1569,9,7,17,1,0,0,1
2238,1,0.9,1,14,1,34,0.15,199,3,1,1267,1914,2210,6,2,10,1,0,1,2
757,1,0.5,0,11,1,15,0.42,212,1,6,812,655,830,15,3,18,1,0,1,0
2825,1,0.8,1,2,1,6,0.37,108,7,8,1902,2091,3835,10,5,3,0,1,1,3
2121,0,2.4,0,15,1,63,0.66,216,5,6,1559,1606,3290,13,4,10,1,1,0,2
1357,1,1.7,1,14,0,3,0.29,187,1,23,1105,1043,1323,10,7,14,1,0,1,1
1893,0,1.8,0,8,1,22,0.27,106,1,17,1594,1600,2475,7,4,7,1,1,1,2
2400,0,3.0,1,1,1,26,0.71,101,4,17,1982,2022,3576,11,4,14,0,0,0,3
1415,0,2.6,0,19,0,63,0.86,140,7,15,712,1426,2074,8,3,2,0,0,1,1
2299,1,0.7,0,0,1,30,0.55,195,4,9,1514,2348,3770,10,9,2,1,0,1,3
1478,1,1.7,1,12,0,17,0.92,144,4,21,979,1213,1469,19,7,8,0,0,1,1
1172,1,2.0,1,12,0,42,0.76,169,1,2,891,1563,1861,8,8,5,0,0,1,1
746,1,1.9,0,12,0,9,0.69,180,1,0,444,1033,1476,6,2,10,0,0,0,0
1478,0,1.7,0,9,0,13,0.21,156,1,15,781,1433,1260,19,4,5,0,0,1,1
2269,0,1.8,1,2,0,27,0.88,112,2,13,1473,2046,3884,15,2,12,0,0,0,3
1683,0,1.3,1,13,1,48,0.74,181,3,8,1044,1849,2500,9,6,2,1,1,0,2
2832,1,1.3,1,9,0,38,0.21,159,2,22,1630,2016,3212,10,8,8,1,1,0,3
2300,1,1.1,1,4,1,44,0.76,202,7,10,1812,2367,3288,15,4,17,0,0,0,3
1112,1,2.9,1,1,0,12,0.32,175,4,18,584,1038,1214,17,3,2,0,0,0,0
1889,1,0.8,1,15,1,44,0.61,216,2,11,1536,1884,2462,17,9,7,0,1,0,2
622,0,2.8,0,12,1,4,0.56,96,5,17,531,846,623,13,6,6,1,1,0,0
1684,1,2.7,0,4,1,23,0.19,103,8,23,1379,1303,2470,19,5,16,0,1,1,2
2030,1,2.2,0,19,1,46,0.92,169,3,16,1080,1578,2910,18,8,6,0,1,0,2
1872,0,0.5,1,0,0,13,0.78,154,8,5,1120,1648,2260,18,2,4,0,1,1,2
2311,1,0.6,0,0,0,50,0.8,98,8,6,1381,1590,3038,14,4,8,0,0,1,2
2379,1,2.7,0,6,0,2,0.55,121,5,8,1488,1501,2633,9,3,13,1,0,1,2
1608,1,1.4,1,2,0,22,0.9,104,8,24,1222,1446,3284,12,2,9,0,1,0,2
2331,1,1.2,0,11,0,40,0.53,181,4,2,1344,1300,2363,17,6,3,1,1,1,2
760,0,2.8,0,2,0,16,0.89,146,6,19,781,672,751,19,4,19,1,0,1,0
1762,1,2.8,1,16,0,39,0.61,99,5,10,1172,1452,1993,12,4,12,0,1,0,1
680,1,1.4,0,12,0,24,0.81,192,6,23,744,917,1272,14,7,9,1,1,0,0
895,1,1.4,0,19,0,10,0.47,196,1,24,522,806,597,9,9,19,0,1,0,0
1958,0,2.7,1,4,1,36,0.54,165,4,0,1449,1941,2227,15,2,5,1,0,0,2
2389,1,0.7,1,14,0,9,0.1,85,6,23,1131,1958,2715,12,2,8,1,1,1,2
1945,1,2.8,1,10,1,19,0.7,191,1,14,1569,1394,3041,13,8,2,0,0,0,2
1513,0,2.9,0,2,0,24,0.86,148,5,2,1040,1131,1559,18,4,17,1,0,1,1
2023,1,1.7,0,15,0,49,0.75,187,7,2,1677,1821,3462,11,2,9,0,1,1,3
915,0,2.2,0,10,1,32,0.61,91,6,13,757,985,820,16,4,5,1,1,0,0
734,0,1.1,0,2,1,37,0.49,177,6,17,723,703,563,8,2,3,0,1,1,0
2667,0,1.1,1,8,1,25,0.56,97,1,8,1952,2205,3501,12,4,18,0,1,0,3
1899,1,2.6,1,2,0,55,0.88,99,1,2,1347,1817,2409,6,9,7,1,1,0,2
800,1,0.9,1,19,1,61,0.76,111,7,4,875,676,1232,18,4,4,1,1,1,0
1366,1,1.9,0,12,1,37,0.85,156,6,20,739,1064,2291,8,7,10,0,0,0,1
698,0,1.8,0,11,0,63,0.69,154,7,15,821,1149,1051,15,8,17,0,1,1,0
2214,1,2.9,1,2,0,41,0.45,214,5,7,1166,1557,2287,8,4,3,0,0,1,2
2077,1,2.2,1,11,0,47,0.99,153,4,15,1831,2019,3778,10,8,9,1,0,0,3
1394,0,0.8,0,12,1,18,0.63,122,4,6,775,1413,1798,9,8,5,0,1,0,1
2622,1,2.2,1,7,1,7,0.61,103,8,1,1932,2036,3783,14,7,15,1,1,0,3
2368,1,2.8,1,15,1,31,0.45,125,3,6,1177,1272,2538,13,9,12,1,1,0,2
1268,0,2.8,1,4,0,48,0.16,199,8,23,827,1165,1372,18,2,11,1,0,0,1
1614,0,2.6,1,9,0,21,0.88,204,3,10,1185,1003,1732,12,4,14,1,1,1,1
2419,1,2.3,1,3,1,47,0.87,86,6,2,1995,1880,3920,12,6,2,1,1,1,3
635,1,0.8,0,8,1,16,0.41,144,1,9,690,903,1175,13,2,16,1,1,0,0
1611,1,3.0,0,7,0,12,0.93,207,6,3,856,942,1245,16,8,17,1,0,1,1
2700,1,1.5,0,6,1,58,0.54,150,6,20,1657,2034,3727,18,2,15,0,0,0,3
2732,0,0.5,1,2,1,33,0.58,157,2,11,1662,2397,3382,8,3,3,0,1,1,3
2336,1,1.5,1,15,0,33,0.79,141,1,15,1669,2356,3531,17,5,2,0,1,1,3
2678,0,2.2,1,4,0,27,0.19,180,4,7,1756,2318,3321,18,8,14,0,0,0,3
1392,0,1.9,1,5,0,4,0.91,196,6,9,950,926,1679,7,8,11,0,1,0,1
2065,1,1.1,1,13,0,28,0.96,114,1,5,1819,1761,3972,11,4,9,0,1,1,3
1158,0,1.1,1,19,0,63,0.36,84,7,3,736,1177,1493,7,2,5,0,0,0,1
2225,1,0.8,0,10,0,49,0.61,213,8,11,1847,2144,3450,14,4,15,0,1,1,3
1052,0,2.8,0,15,1,24,0.49,135,3,3,722,719,969,12,2,12,0,0,0,0
2198,1,2.4,1,5,1,63,0.88,82,6,9,1562,1758,2521,6,6,15,0,1,0,2
1449,0,2.7,0,6,1,32,0.67,95,1,7,1062,1340,1283,10,9,14,0,0,0,1
2027,0,2.3,1,8,0,51,0.73,124,1,7,1252,1742,2339,7,9,8,1,0,0,2
1046,1,1.1,1,2,0,16,0.78,124,1,12,721,1391,1220,13,5,9,0,1,0,1
2912,1,1.5,0,11,0,57,0.72,160,3,4,1963,1958,3859,12,8,5,0,1,1,3
1210,0,2.9,1,9,0,52,0.54,194,4,16,971,1363,1324,9,4,17,0,1,1,1
2288,1,0.8,1,9,0,49,0.6,212,7,2,1078,1457,2823,10,2,5,0,0,0,2
1768,1,2.9,1,15,0,24,0.17,96,6,19,1155,1294,2615,8,2,3,0,0,1,2
853,0,1.9,1,14,1,21,0.89,151,6,23,605,1118,866,16,9,11,1,1,1,0
2657,1,2.1,1,1,1,62,0.52,98,3,2,1624,2358,3631,13,3,16,1,1,1,3
1465,1,0.6,0,3,1,28,0.8,104,3,15,948,1544,2166,5,8,14,1,1,1,1
867,1,0.9,0,7,0,49,0.54,147,8,5,768,1294,1422,6,7,4,1,1,0,0
2617,0,0.5,0,16,1,22,0.43,207,4,22,1595,2372,3315,19,3,16,1,1,1,3
1115,1,0.9,1,5,0,3,0.19,146,8,1,831,957,1040,16,7,18,0,1,0,0
2040,0,2.3,1,0,1,32,0.16,160,8,5,1260,1246,2200,14,8,3,1,1,1,2
2289,0,1.5,1,10,1,43,0.51,100,2,21,1077,1579,3427,19,9,19,1,0,0,2
1763,0,1.9,1,15,0,10,0.52,101,4,9,854,1513,2364,9,9,15,1,1,1,1
2881,0,2.4,0,3,1,57,0.93,203,6,18,1638,2254,3820,19,8,8,1,1,1,3
2193,0,2.5,1,10,0,2,0.43,154,7,22,1798,2065,3635,12,3,4,0,0,0,3
786,0,2.7,1,11,1,61,0.12,161,1,1,540,792,447,16,8,19,0,0,0,0
1016,1,1.5,1,3,1,25,0.93,165,4,5,896,1471,2065,14,8,9,0,0,1,1
1076,0,1.1,0,14,1,11,0.3,130,3,16,436,1277,1138,9,3,9,1,1,0,0
1734,0,0.8,1,13,1,30,0.17,207,6,20,884,1482,1629,13,7,7,0,1,1,1
1766,0,2.9,1,2,0,24,0.15,199,7,3,1481,1232,2788,18,8,10,1,1,1,2
2318,1,1.7,0,15,0,58,0.46,104,7,3,1058,1209,3203,12,7,2,1,0,1,2
1039,1,2.7,1,17,1,37,0.69,159,1,4,711,1583,1948,12,7,9,0,1,0,1
2143,0,2.0,1,13,0,26,0.28,217,6,14,1415,2294,3250,10,4,9,0,1,1,3
2357,0,2.3,1,15,0,9,0.96,131,6,22,1465,1919,2571,16,7,16,1,0,1,2
2149,0,2.0,0,7,1,40,0.73,169,3,11,1099,1898,2686,10,3,5,1,1,1,2
1473,0,2.4,1,5,1,18,0.23,149,3,14,872,1113,1250,12,8,18,0,0,1,1
608,0,1.0,0,19,0,14,0.87,187,3,19,825,1037,1112,10,2,4,1,1,1,0
2088,1,0.6,1,5,0,16,0.38,212,4,4,1490,1635,3332,6,7,8,1,1,0,3
698,1,1.0,1,8,1,28,0.3,154,3,8,406,1236,1344,17,6,12,1,0,1,0
2339,1,2.7,1,9,0,33,0.51,182,7,12,1636,2133,3323,8,4,2,1,1,1,3
2164,1,2.7,1,13,1,52,0.86,83,6,16,1415,1519,2373,14,9,8,1,1,0,2
1051,1,2.9,0,18,0,48,0.82,146,6,4,982,954,2091,19,7,9,0,0,0,1
1855,1,2.6,1,7,0,57,0.67,215,4,20,1553,1652,2315,11,8,3,1,0,1,2
2135,0,2.4,0,4,1,51,0.87,219,2,6,1693,1725,3417,16,9,16,0,1,0,3
699,0,2.0,0,12,1,20,0.45,173,5,17,771,784,1304,10,4,17,0,1,1,0
2200,1,0.7,0,6,1,56,0.32,172,4,7,1668,1775,3902,16,7,6,1,0,1,3
1625,0,2.4,1,11,0,47,0.49,145,2,12,1090,1247,1876,9,5,5,0,1,0,1
2773,0,2.3,0,4,1,53,0.8,143,2,8,1754,1726,3743,16,3,5,0,1,1,3
1170,0,1.6,0,3,1,53,0.96,106,5,19,914,1380,1849,9,8,2,1,1,0,1
1368,1,1.4,1,5,1,55,0.55,144,5,18,956,1531,1819,10,3,19,1,0,0,1
1373,1,2.4,0,17,1,17,0.88,86,6,18,1006,1156,2478,12,7,17,0,1,1,1
1507,0,3.0,1,9,1,44,0.78,104,4,21,1070,1385,1965,18,8,13,0,1,1,1
2048,1,2.7,0,8,1,57,0.3,216,1,8,1045,1691,2428,14,9,10,1,1,1,2
1081,0,2.7,1,2,1,60,0.67,159,5,4,834,946,1481,18,4,3,1,1,1,1
2588,1,2.6,1,9,0,35,0.53,88,5,19,1837,1821,3617,10,4,5,1,0,1,3
1372,0,1.3,1,6,0,16,0.37,125,2,6,1034,1576,2054,15,6,16,0,1,0,1
1045,1,0.9,1,16,1,48,0.32,214,7,7,1130,1489,1849,15,6,17,1,1,0,1
2960,1,2.7,0,6,0,60,0.23,203,5,24,1530,1802,3582,10,4,5,1,1,1,3
2123,0,2.6,0,18,1,9,0.56,110,8,16,1155,1780,3037,9,2,11,1,1,0,2
2250,1,1.0,1,7,0,52,0.89,197,7,3,1928,1865,3777,19,9,3,1,1,1,3
972,1,2.9,0,14,0,26,0.98,80,7,13,743,791,674,13,8,8,0,1,1,0
2410,1,2.1,1,16,1,28,0.94,190,5,4,1748,1839,3580,14,4,5,1,0,0,3
2174,0,0.5,1,0,0,22,0.93,97,5,20,1559,1744,3137,13,8,5,0,1,1,2
1050,1,1.3,0,18,1,11,0.81,206,2,15,991,1097,2452,19,5,16,0,0,1,1
698,1,1.9,1,9,1,47,0.99,175,5,22,526,814,857,12,3,9,0,1,1,0
1069,1,1.7,0,7,0,12,0.55,216,2,23,714,1434,2361,7,8,10,0,1,0,1
2481,1,2.8,1,1,1,6,0.53,192,4,14,1832,1826,3905,19,3,3,0,1,0,3
2605,0,1.6,1,17,0,50,0.39,158,2,24,1478,1601,3500,6,3,18,1,1,0,3
2249,1,1.1,0,14,1,29,0.65,104,5,3,1460,1852,3360,5,3,16,1,1,1,3
2088,0,1.2,1,13,1,11,0.84,100,1,14,1233,1959,3270,14,8,9,1,0,0,2
862,1,2.5,1,8,1,25,0.62,219,5,7,417,717,1146,6,7,19,0,1,0,0
2375,0,2.9,0,12,0,45,0.75,116,3,7,1236,1229,2264,9,3,19,1,0,0,2
2887,0,1.1,0,8,1,13,0.95,130,3,9,1592,2027,3684,14,4,11,1,1,1,3
1056,1,2.7,0,17,0,10,0.16,116,4,3,764,1155,2457,19,4,2,0,1,1,1
987,1,2.0,1,6,1,32,0.5,201,4,9,768,983,1159,16,4,5,1,0,0,0
1161,0,2.1,0,16,0,18,0.54,215,1,3,782,1361,1945,11,7,2,1,0,1,1
2920,0,1.1,1,7,1,63,0.58,83,2,0,1494,2332,3408,6,3,17,1,1,0,3
2006,1,0.8,0,3,1,17,0.51,148,5,21,1403,1839,3930,5,3,3,0,1,1,3
2329,0,0.8,1,10,1,13,0.14,87,1,11,1946,1667,3547,7,2,17,1,1,1,3
2339,1,2.8,1,8,1,49,0.7,192,6,20,1885,2160,3327,11,6,19,1,0,0,3
1352,1,1.1,0,14,1,42,0.31,169,4,4,717,1185,1730,8,2,8,0,0,1,1
1835,1,1.2,1,17,1,43,0.97,120,1,3,1079,1559,2493,11,9,18,0,0,0,2
2624,0,2.5,0,11,1,8,0.22,205,1,24,1843,2311,3791,15,2,18,0,1,1,3
1528,0,1.2,1,5,1,9,0.99,121,8,21,758,1159,2132,17,8,18,0,0,0,1
2241,1,1.1,1,3,1,28,0.2,202,2,13,1434,1593,2946,8,7,10,1,0,1,2
922,1,1.9,1,11,0,33,0.37,140,3,5,640,822,1407,18,7,17,0,0,0,0
1478,0,1.1,0,9,1,23,0.47,81,3,18,795,1294,2449,16,3,2,0,1,0,1
2679,1,1.5,0,13,0,33,0.5,88,5,1,1551,1998,3248,11,8,16,1,1,0,3
1956,0,2.3,0,19,1,17,0.39,102,7,15,1331,1434,2557,13,6,16,1,1,1,2
1792,0,2.9,0,19,1,15,0.24,195,8,24,1462,1799,3399,17,9,7,0,1,0,2
711,0,2.8,0,3,0,41,0.55,160,6,2,646,838,263,12,9,8,1,1,1,0
1280,1,1.8,0,13,1,16,0.96,213,7,16,985,953,2375,12,5,10,0,0,0,1
1002,1,1.1,0,18,1,12,0.58,87,8,18,894,692,311,9,7,9,1,0,1,0
2113,1,1.3,1,7,0,28,0.62,137,2,10,1695,2256,3235,10,5,17,1,0,0,3
2722,0,2.4,1,10,0,39,0.26,174,1,14,1829,1804,3928,11,9,14,0,0,1,3
756,1,2.2,1,1,1,63,0.12,91,7,6,436,991,394,7,8,14,1,1,1,0
2826,0,1.6,0,9,1,4,0.87,83,4,16,1823,1843,3373,13,4,18,1,0,1,3
1026,0,2.1,1,11,0,31,0.3,80,1,8,980,1595,1847,16,6,11,1,1,0,1
2548,1,2.3,1,12,1,18,0.76,114,8,11,1905,2275,3806,7,2,9,0,0,0,3
817,0,1.5,0,5,1,28,0.35,179,1,6,501,1251,864,8,8,9,0,1,1,0
2986,1,1.6,0,3,0,34,0.62,115,4,14,1457,1935,3419,18,3,17,0,0,0,3
1839,0,1.4,0,10,1,5,0.81,187,7,6,1329,1348,2441,12,8,12,0,0,1,2
2391,0,1.4,0,16,0,10,0.85,80,4,11,1412,2262,3897,5,9,18,0,1,0,3
2770,0,1.8,1,15,0,51,0.21,190,6,19,1798,1847,3393,16,7,8,0,0,1,3
2644,0,0.5,0,13,1,62,0.61,164,6,1,1456,1733,3834,6,6,14,0,0,0,3
2457,1,0.5,0,15,0,8,0.74,139,5,12,1407,1770,3360,10,6,11,0,0,0,3
2668,1,2.2,0,7,0,13,0.63,83,6,1,1421,1884,3673,16,2,19,1,0,1,3
1124,0,2.3,0,13,0,15,0.59,106,7,23,555,727,456,8,2,8,1,1,1,0
1777,0,0.5,0,17,1,53,0.75,192,4,5,1561,1232,3194,6,9,3,1,0,0,2
1378,0,2.5,1,5,0,33,0.78,87,7,24,871,1116,1787,18,2,19,1,1,1,1
1258,1,2.2,1,0,0,16,0.34,122,2,23,835,1300,2391,12,7,6,1,0,0,1
2380,0,2.4,1,2,0,31,0.76,218,1,5,1954,2046,3873,17,9,5,1,1,0,3
2258,1,2.8,0,1,0,31,0.73,155,4,1,1543,1907,2777,11,9,9,1,1,1,2
1236,0,2.6,1,10,0,22,0.72,121,4,7,708,912,1233,10,7,3,1,0,0,1
1080,0,1.7,0,14,1,48,0.14,149,8,23,1099,1401,1943,5,6,14,0,1,0,1
2572,1,2.7,0,4,0,46,0.15,215,1,15,1869,1640,3626,14,8,9,0,1,0,3
1635,1,2.7,1,12,0,34,0.62,95,2,5,1134,1864,3294,5,9,14,0,0,1,2
1375,0,2.6,0,1,0,42,0.68,89,5,15,954,1074,2074,13,5,19,1,1,0,1
1257,0,2.1,1,16,1,54,0.57,168,3,5,934,1080,2406,18,8,3,0,1,1,1
2397,1,1.5,1,2,1,54,0.81,99,4,1,1465,2196,3309,5,4,11,0,0,0,3
2367,0,2.2,0,12,1,27,0.37,123,4,22,1383,1925,2542,18,5,12,0,1,1,2
1609,0,1.0,0,10,1,11,0.49,156,1,4,824,1484,2021,11,6,17,1,1,0,1
2876,1,2.5,0,1,1,36,0.71,171,8,15,1879,1760,3851,7,4,5,1,0,1,3
1354,0,0.7,1,13,0,22,0.27,139,8,0,1013,1478,2192,14,5,4,1,1,1,1
1744,1,2.7,0,2,1,40,0.92,174,8,13,1179,1207,3005,6,2,12,0,1,1,2
1441,0,0.7,1,15,1,32,0.59,114,6,18,1118,1032,1920,5,6,2,0,0,0,1
1622,0,1.5,0,15,1,3,0.79,91,4,16,1363,1553,2824,10,4,13,1,0,1,2
1169,1,1.5,0,17,1,36,0.37,133,4,14,738,1129,428,12,3,4,1,1,1,0
637,1,2.5,0,1,0,11,0.74,114,3,24,574,1230,1237,6,5,16,1,0,0,0
1174,0,0.7,1,18,0,52,0.78,160,2,19,517,780,1476,15,5,17,1,1,0,0
2360,0,1.3,0,0,0,59,0.44,201,1,21,1117,1803,2699,12,9,17,1,1,0,2
1546,1,1.7,0,16,0,17,0.2,159,3,4,1003,1284,1294,18,7,3,1,1,1,1
2870,1,1.7,0,15,0,62,0.59,93,5,2,1999,1634,3904,11,3,11,1,0,0,3
1575,0,1.7,0,1,1,12,0.6,147,6,2,1195,957,1499,15,3,15,1,1,0,1
1795,1,3.0,1,3,1,53,0.46,160,1,1,1457,1478,3419,11,4,18,1,0,0,2
1765,1,1.0,0,11,0,3,0.36,162,6,4,718,1046,2357,19,7,6,0,0,1,1
2363,0,1.1,0,6,1,36,0.51,186,1,20,1848,1941,3673,15,6,6,0,0,0,3
1680,1,1.6,0,4,0,55,0.47,126,5,18,1046,1990,2978,17,2,9,1,0,0,2
1016,1,1.4,0,19,1,21,0.92,206,8,0,1025,951,2260,18,4,14,0,1,1,1
728,1,2.0,0,14,1,17,0.37,141,8,2,462,1004,1342,15,4,8,1,1,1,0
2185,0,2.8,0,6,0,40,0.76,156,3,11,1912,1656,3675,10,2,12,0,0,0,3
2031,1,2.9,0,19,0,40,0.87,138,2,5,1993,2301,3690,19,9,8,0,1,1,3
685,1,2.6,0,3,1,53,0.85,216,3,16,419,671,331,16,8,15,0,1,1,0
1052,1,1.6,1,6,1,10,0.84,214,8,4,492,649,401,11,7,8,1,0,0,0
715,0,2.7,0,0,0,41,0.85,178,5,24,713,612,610,11,7,3,1,0,0,0
2557,1,2.1,0,10,1,42,0.84,96,6,16,1489,1607,3483,17,4,19,1,1,0,3
788,1,1.6,1,7,0,30,0.16,148,3,24,448,1188,1472,19,2,8,0,0,0,0
634,0,1.0,1,16,1,3,0.81,161,8,3,789,970,395,12,6,16,1,0,1,0
1761,1,1.2,1,4,1,13,0.76,184,4,6,1434,1620,2912,11,3,8,0,0,1,2
2978,1,1.6,1,7,1,51,0.4,80,6,14,1676,1986,3241,17,8,6,0,1,0,3
2331,0,1.5,1,3,0,10,0.45,108,1,3,1449,1338,3427,18,6,6,0,0,0,2
1276,0,2.9,0,3,0,6,0.74,139,6,24,888,1384,2054,14,8,13,0,1,0,1
1065,1,2.9,1,4,0,28,0.93,174,5,21,707,1497,1309,11,4,13,0,0,1,1
1627,1,2.5,0,8,1,31,0.67,134,3,11,1334,1917,3474,16,6,8,0,0,0,2
807,1,1.5,0,11,0,24,0.99,149,8,22,521,749,807,6,7,10,1,0,0,0
997,0,2.7,1,1,0,23,0.32,113,4,23,740,690,715,8,5,9,1,1,0,0
1012,1,0.8,1,19,1,47,0.99,186,1,23,1035,1444,1910,13,6,4,0,0,0,1
2560,0,0.8,1,4,1,40,0.19,127,3,14,1699,2109,3300,9,5,13,0,0,1,3
984,1,1.7,0,7,1,22,0.83,188,2,12,517,613,880,9,6,2,0,1,0,0
1166,0,1.8,0,17,0,52,0.97,117,1,3,744,1471,2310,14,9,18,0,1,1,1
1515,1,0.5,1,4,1,58,0.24,200,6,9,924,1168,2043,7,6,19,1,1,1,1
1209,1,2.1,1,19,1,27,0.49,110,4,17,1178,962,2190,17,5,6,0,1,1,1
2898,1,1.2,0,4,0,2,0.83,100,2,0,1937,2122,3588,18,8,19,0,1,1,3
1013,1,2.1,1,9,0,47,0.96,205,8,18,695,1140,1036,19,6,15,1,0,1,0
1574,0,1.5,1,15,1,48,0.79,126,7,9,740,1468,2488,12,8,9,0,1,0,1
1661,0,1.6,0,10,1,15,0.24,184,4,21,1481,1478,2650,13,2,16,1,0,1,2
780,0,2.4,0,11,1,13,0.87,181,4,9,850,1019,1329,8,3,15,1,1,0,0
1422,1,0.7,1,8,0,5,0.76,88,7,12,1044,1096,1944,14,5,7,1,1,1,1
1843,1,1.8,1,19,0,30,0.38,159,2,17,1375,1925,2314,8,3,7,1,1,1,2
2409,1,2.9,1,14,0,4,0.5,114,4,13,1726,2229,3754,19,2,5,0,1,0,3
2804,1,2.8,1,11,0,29,0.84,162,7,12,1642,2074,3726,18,6,5,1,1,0,3
1075,1,0.9,1,9,1,35,0.47,90,6,19,537,1173,1036,15,5,12,1,1,0,0
1419,0,0.9,0,8,1,24,0.19,88,3,12,755,1241,1360,14,8,19,0,1,0,1
945,1,1.1,1,9,0,20,0.82,84,4,15,549,821,1148,15,5,3,0,0,0,0
1708,0,1.4,1,6,0,22,0.38,210,7,10,1087,1519,1202,9,7,8,0,1,1,1
2425,1,2.3,1,17,1,51,0.65,84,6,2,1514,1663,3871,18,4,4,1,0,0,3
1798,0,2.9,0,0,0,30,0.81,131,5,14,1407,1722,2811,18,4,19,0,0,0,2
853,0,2.2,0,0,0,2,0.24,149,6,15,608,783,870,7,6,14,0,0,1,0
2705,1,2.9,0,7,0,21,0.34,155,4,12,1746,1745,3521,14,8,15,1,1,1,3
2342,1,1.3,0,1,1,47,0.69,128,8,16,1232,1224,3022,12,9,7,1,1,1,2
1348,0,1.4,0,19,0,60,0.88,104,1,22,707,992,1602,15,5,6,0,1,1,1
913,1,2.6,1,19,1,22,0.75,89,8,2,812,1287,426,9,7,16,1,0,0,0
1578,1,1.8,0,15,1,38,0.34,111,7,16,728,1489,2249,10,5,2,0,0,1,1
2656,0,1.4,1,0,0,47,0.31,176,2,15,1742,1839,3486,10,4,12,1,1,0,3
1110,0,0.8,1,13,0,34,0.31,177,4,7,684,781,1264,19,5,12,1,0,1,0
2599,1,2.9,0,9,1,29,0.69,191,4,17,1441,2347,3330,10,2,18,1,1,0,3
969,0,1.4,1,17,1,22,0.37,113,6,3,834,800,1481,18,4,9,1,1,1,0
2684,0,1.4,0,18,0,18,0.82,158,6,10,1781,1957,3390,11,2,14,1,0,0,3
976,0,1.5,1,8,1,33,0.41,201,4,23,636,1136,689,14,2,10,0,0,0,0
2858,1,2.0,0,0,1,63,0.62,143,1,23,1627,1861,3603,15,7,11,1,0,0,3
1180,1,1.2,0,7,1,19,0.64,143,8,0,481,869,1014,5,8,15,1,1,1,0
664,0,1.7,1,16,0,52,0.85,134,8,5,491,1174,1072,14,4,16,1,1,1,0
1636,1,2.7,1,11,0,16,0.85,193,1,11,1174,1131,1452,5,4,8,1,0,1,1
1640,1,1.6,0,13,0,49,0.92,106,3,3,1114,1165,2045,14,7,14,1,0,0,1
939,0,2.7,0,18,1,61,0.34,170,5,4,663,806,563,19,5,12,1,1,0,0
2135,0,2.8,1,3,1,39,0.46,172,4,2,1894,1710,3404,12,4,11,0,1,1,3
833,1,1.0,0,6,0,53,0.2,97,7,22,509,673,925,7,2,3,0,0,1,0
2299,0,1.3,1,6,0,31,0.46,212,6,3,1320,1544,2336,18,5,2,0,1,1,2
2747,1,1.2,1,10,1,48,0.58,204,3,0,1967,1967,3463,6,6,9,0,0,1,3
2920,0,1.7,0,15,1,61,0.13,129,5,21,1757,1841,3426,6,6,13,0,0,0,3
2393,1,2.9,0,3,1,16,0.5,178,8,6,1448,1890,3361,12,4,3,0,1,0,2
2149,0,2.5,1,16,0,15,0.57,84,4,7,1437,1926,2890,11,6,6,1,1,1,2
2345,1,1.2,1,6,1,25,0.99,206,7,15,1883,2077,3848,6,4,12,1,1,1,3
2374,0,1.1,0,18,0,20,0.16,177,2,5,1558,1855,3801,18,8,13,0,0,0,3
1743,1,2.9,0,13,0,24,0.62,132,3,2,714,1364,1917,18,4,5,1,0,1,1
846,0,2.7,0,6,0,18,0.33,123,3,14,475,1293,785,15,2,13,0,0,1,0
2299,1,2.2,0,19,0,7,0.28,98,5,10,1996,2060,3611,11,2,9,1,1,0,3
2636,0,2.6,1,9,1,37,0.86,172,3,13,1518,1895,3521,5,8,14,1,0,1,3
2634,0,0.5,0,17,0,26,0.89,119,7,20,1904,2322,3660,9,5,15,1,1,1,3
1550,0,2.5,0,3,1,50,0.75,94,5,4,1188,1224,1956,15,4,5,1,0,0,1
1765,1,2.3,0,6,1,44,0.53,131,2,18,1055,1621,2410,19,8,5,1,1,1,2
1800,0,2.7,1,8,1,53,0.98,120,2,5,1532,1343,2603,10,5,12,0,1,0,2
753,1,1.1,1,7,1,22,0.92,144,7,3,444,731,1018,7,8,18,1,1,1,0
1673,1,1.0,1,16,1,10,0.26,98,8,23,1268,1836,2400,7,7,9,0,0,1,2
1018,1,2.6,1,5,0,53,0.28,151,3,21,1153,1546,2342,7,3,19,0,0,1,1
2637,0,2.4,0,1,0,61,0.86,206,3,18,1832,1936,3208,18,2,10,0,1,0,3
2553,0,2.8,0,13,0,18,0.93,150,4,7,1829,1932,3543,8,3,14,0,0,1,3
1073,1,2.1,0,7,1,47,0.7,184,3,24,535,1043,702,10,2,10,1,1,1,0
1829,1,1.1,0,6,0,36,0.62,83,1,17,1407,1500,2704,18,5,15,1,1,1,2
2884,1,2.6,0,17,1,5,0.32,136,5,18,1991,1864,3368,12,5,17,0,1,0,3
1134,0,1.2,1,13,0,53,0.64,179,7,8,999,1554,2451,8,9,14,1,0,1,1
1649,0,0.6,0,19,1,17,0.5,202,5,10,1157,946,1904,6,5,2,1,0,1,1
1703,1,2.5,0,3,0,25,0.3,109,6,20,1459,1789,2723,19,3,4,1,0,0,2
2576,1,1.5,0,2,1,47,0.22,85,4,5,1643,2246,3613,5,5,6,0,1,1,3
1440,1,1.5,0,1,1,63,0.66,97,2,18,871,1472,1765,8,7,4,0,0,0,1
2061,0,2.7,1,16,0,18,0.23,103,7,18,1981,1770,3691,19,7,12,1,1,1,3
1590,0,2.6,1,0,0,15,0.27,204,8,11,945,1112,2025,15,5,17,0,0,0,1
876,1,0.8,0,7,0,52,0.11,110,8,0,471,833,1029,17,2,14,0,0,1,0
1626,0,1.5,0,11,1,54,0.44,163,5,8,1202,1848,3182,6,3,10,0,1,1,2
1704,1,3.0,0,6,1,54,0.72,191,3,12,733,1059,2283,15,2,13,0,0,0,1
2209,0,1.8,0,6,1,52,0.81,152,6,16,1001,1761,3116,10,2,13,1,0,1,2
1818,1,1.9,0,0,1,29,0.88,108,4,24,1586,1627,2634,19,9,11,1,1,0,2
2218,1,1.5,0,2,0,12,0.33,196,8,15,1733,2395,3518,17,4,9,1,1,1,3
635,1,0.6,1,8,1,59,0.98,132,3,5,519,954,838,13,6,10,0,0,1,0
1547,1,1.6,1,6,1,45,0.66,203,8,19,779,1413,1757,9,3,10,0,1,0,1
2517,0,0.5,1,2,0,8,0.67,109,3,16,1620,2397,3277,17,6,12,0,0,0,3
1323,1,0.9,0,19,0,59,0.29,183,7,20,942,1195,1695,5,2,14,0,0,0,1
1137,0,0.6,0,19,1,41,0.51,205,1,15,424,865,426,19,4,17,0,1,0,0
1640,1,2.0,0,17,1,4,0.76,203,5,20,1317,1969,2276,13,7,17,0,1,1,2
1372,1,0.8,0,11,1,45,0.69,81,2,19,891,1154,1962,15,9,15,1,1,0,1
693,1,0.5,0,13,0,52,0.39,191,3,9,620,1021,1096,11,8,18,0,0,1,0
2609,1,1.0,1,0,1,37,0.52,112,3,20,1885,1731,3569,7,4,16,1,0,0,3
802,1,1.9,0,19,0,10,0.4,182,5,3,863,674,994,9,7,19,1,1,0,0
2598,0,1.3,1,14,0,2,0.85,209,8,9,1691,2266,3846,15,8,17,1,0,0,3
1619,1,1.1,0,6,1,58,0.25,102,6,18,789,1123,2396,15,7,2,1,1,0,1
2064,0,2.9,0,13,0,4,0.6,198,6,18,1563,1833,2779,18,8,13,1,1,0,2
2258,0,0.7,0,10,0,55,0.4,186,2,12,1434,1990,3637,15,6,14,1,0,0,3
1169,0,1.8,0,4,1,33,0.69,95,2,17,424,975,1063,18,8,8,1,0,1,0
2929,1,1.9,0,0,1,34,0.77,164,4,2,1635,1946,3610,7,8,2,0,1,1,3
1640,1,2.3,1,15,1,25,0.41,165,5,21,797,1311,1575,5,4,4,1,0,1,1
2510,0,1.0,1,19,0,14,0.72,108,4,12,1705,2103,3932,15,2,13,1,1,1,3
1670,0,2.1,1,19,0,11,0.64,201,1,7,1103,969,1780,10,7,17,1,1,1,1
1150,0,2.6,0,8,1,38,0.67,180,1,15,439,836,1139,13,6,3,1,1,0,0
2807,0,2.0,0,17,0,16,0.83,184,4,0,1831,1683,3310,5,4,15,0,1,0,3
770,1,1.8,1,0,1,55,0.58,215,3,16,483,1098,792,13,9,13,0,1,1,0
1629,1,1.4,1,19,1,58,0.22,178,5,8,1530,1342,3099,19,6,16,1,1,1,2
1325,1,2.0,0,6,0,17,0.79,148,2,23,904,1366,1312,17,6,10,0,0,1,1
1087,1,1.7,0,17,0,26,1.0,129,7,21,619,1087,671,12,3,15,0,1,0,0
2735,0,0.6,0,18,1,45,0.58,95,2,9,1525,1946,3348,8,9,9,0,0,1,3
743,0,0.9,1,2,1,46,0.67,218,4,12,493,1131,1215,15,4,16,0,1,1,0
1105,1,1.3,1,9,0,51,0.33,186,1,16,676,1041,1392,8,2,14,0,1,1,0
2356,0,1.9,0,8,1,53,0.28,100,1,21,1675,1705,3524,9,5,9,0,0,0,3
1792,0,0.5,1,12,0,23,0.61,178,1,14,1374,1846,3402,12,6,16,1,1,1,2
1839,0,2.4,1,16,0,52,0.36,131,8,20,1300,1496,2677,15,7,10,0,1,1,2
2287,1,2.5,1,15,0,47,0.21,100,4,12,1662,1948,3794,14,3,13,1,1,1,3
2309,0,1.0,1,14,1,2,0.9,148,2,5,1562,1420,3256,7,5,8,1,0,0,2
1528,1,1.2,1,6,0,40,0.97,210,6,17,1017,1034,2235,11,2,6,1,1,1,1
2234,0,1.2,0,1,0,10,0.92,217,7,16,1574,1598,2200,13,7,5,1,1,0,2
2154,1,1.3,0,5,0,28,0.61,96,5,10,1386,1951,2837,14,4,9,1,0,1,2
1058,1,0.9,1,7,1,34,0.42,176,1,4,446,1028,736,7,2,4,0,0,0,0
2393,1,0.6,0,13,1,21,0.68,184,2,2,1175,1705,3002,19,4,9,1,1,1,2
948,0,1.8,1,15,1,11,0.72,113,2,19,724,638,636,16,3,19,1,1,0,0
855,1,1.7,0,10,0,54,0.56,124,1,1,592,1115,1081,18,9,15,1,0,1,0
1240,0,1.8,1,16,0,60,0.6,156,3,14,884,989,2368,6,9,3,0,0,0,1
2049,1,0.6,0,3,1,33,0.58,86,1,8,1562,1760,2814,16,2,5,1,0,1,2
1124,0,2.0,1,7,1,22,0.91,110,7,21,851,1100,765,8,6,9,1,1,0,0
789,0,1.1,1,13,1,47,0.82,102,4,11,632,783,988,15,8,6,0,0,1,0
2355,1,1.7,1,3,0,25,0.49,183,6,17,1282,1277,2414,10,5,8,0,1,1,2
1508,0,1.5,1,11,0,4,0.93,116,4,16,1171,1434,2021,19,8,8,0,1,1,1
2566,1,2.8,1,16,0,41,0.86,102,1,15,1948,2325,3516,14,3,15,1,1,1,3
2525,1,1.9,1,14,0,23,0.74,155,1,3,1897,1712,3316,11,3,14,0,0,0,3
1535,1,0.6,1,5,1,8,0.53,119,3,1,743,1498,1983,8,9,6,0,0,0,1
1558,0,1.3,0,7,1,40,0.51,176,7,5,714,1427,1820,6,8,15,0,0,0,1
2514,0,3.0,1,1,0,27,0.62,152,8,2,1899,1838,3968,11,7,15,1,0,1,3
832,0,1.9,1,14,1,27,0.16,156,8,16,761,875,1107,17,7,4,1,0,0,0
2834,1,2.9,0,12,1,63,0.45,162,7,9,1573,1936,3338,7,7,16,1,1,0,3
1411,0,0.8,1,14,0,31,0.59,155,4,23,713,988,1837,17,3,14,1,0,0,1
2040,0,2.4,1,14,0,52,0.14,109,7,0,1455,1671,2398,9,8,2,1,1,0,2
948,1,1.3,0,18,0,29,0.92,164,6,23,771,1005,804,16,8,5,1,0,0,0
2720,0,1.5,0,10,0,25,0.24,170,6,24,1957,2180,3363,13,6,3,0,1,1,3
1892,0,2.1,0,1,0,8,0.5,115,1,6,1315,1213,2313,5,6,14,0,0,0,2
1274,1,0.8,1,16,0,15,0.8,210,6,22,1097,1197,1677,19,4,4,1,1,1,1
1089,0,2.0,1,19,0,61,0.22,152,6,8,460,965,548,10,7,2,0,0,1,0
2318,1,1.2,1,16,0,43,0.42,203,8,4,1939,2024,3754,8,6,9,1,1,0,3
1656,1,1.7,0,11,1,15,0.17,92,4,15,1161,1478,2069,12,6,19,0,1,0,1
973,1,0.7,1,13,0,56,0.87,192,5,6,889,1172,404,13,3,9,0,0,0,0
1328,0,0.7,1,17,1,12,0.78,191,1,18,827,1208,1860,6,4,9,0,0,0,1
2709,0,1.8,1,9,0,4,0.3,203,8,20,1699,2014,3816,19,9,5,0,0,0,3
1432,1,1.6,0,6,1,15,0.23,88,6,6,876,1314,1902,19,5,4,0,1,1,1
2822,0,1.2,0,19,0,18,0.4,146,1,3,1633,2397,3543,7,5,16,0,1,0,3
1463,1,1.9,1,12,0,29,0.1,171,2,1,838,1121,2474,19,2,11,0,1,0,1
2125,1,2.8,1,18,0,2,0.31,187,3,0,1399,1439,2503,19,4,12,0,0,0,2
1663,0,1.6,1,1,1,10,0.76,207,5,9,770,1030,1770,7,8,18,0,1,0,1
2043,1,0.9,1,16,0,47,0.24,218,5,15,1575,1883,2288,18,8,5,1,0,1,2
1015,0,1.1,1,14,0,42,0.28,100,5,2,864,1166,346,5,9,17,1,1,0,0
935,0,1.8,1,3,1,26,0.67,127,2,3,813,675,371,12,6,3,0,0,0,0
1092,1,1.7,0,6,1,55,0.6,156,8,15,905,945,1691,17,3,12,1,0,1,1
2175,1,2.9,1,3,0,43,0.22,141,4,9,1640,1943,3929,11,9,19,0,0,0,3
1162,1,0.7,0,2,0,28,0.27,103,5,4,1107,1160,1857,7,5,2,1,0,1,1
2124,0,1.3,1,1,0,33,1.0,135,8,14,1590,2063,3658,9,8,6,1,0,0,3
1122,1,1.5,0,16,1,13,0.87,119,7,20,783,906,2250,14,9,17,1,0,1,1
2429,1,2.9,0,1,0,20,0.21,146,7,16,1865,1642,3463,11,8,3,1,0,0,3
1687,1,1.4,0,8,1,48,0.6,82,3,11,886,1470,2172,9,6,8,0,1,0,1
2308,1,2.4,1,5,1,34,0.75,155,7,16,1534,1570,2619,7,6,8,1,0,1,2
2477,0,1.3,1,10,1,26,0.34,171,8,16,1995,1853,3721,5,8,10,0,0,0,3
1941,0,1.7,1,6,0,37,0.25,126,3,1,1427,1388,3190,14,4,7,0,1,0,2
1745,1,2.2,0,5,0,19,0.59,176,7,15,1598,1561,3148,9,9,3,0,0,0,2
1620,0,1.1,1,18,1,20,0.92,158,6,12,1256,1614,2786,17,3,2,1,0,0,2
617,1,2.4,0,19,1,17,0.13,202,5,8,416,765,1135,6,6,9,0,1,1,0
1797,0,3.0,0,2,1,8,0.87,106,2,2,1183,1708,3396,12,7,6,0,1,0,2
1704,0,1.7,1,16,1,54,0.94,177,3,5,1583,1772,2206,10,8,8,0,1,1,2
662,0,1.6,0,15,0,34,0.33,206,2,21,538,1274,1126,8,7,15,0,1,1,0
873,1,1.4,1,11,1,29,0.16,151,1,6,786,639,969,12,4,15,0,1,1,0
842,1,2.0,1,18,1,24,0.7,192,8,16,528,765,1257,6,6,8,0,1,1,0
1691,1,2.5,0,11,1,5,0.36,143,1,4,1316,1927,3492,11,4,5,0,0,0,2
1944,0,2.7,1,1,1,34,0.71,94,7,12,1205,1241,3423,8,5,18,0,0,0,2
2113,1,2.4,1,5,0,16,0.26,208,5,12,1422,2088,3578,19,2,4,0,1,0,3
2748,1,2.5,1,3,1,3,0.91,156,3,13,1428,2362,3672,7,4,2,1,1,1,3
2105,0,2.6,0,10,0,50,0.61,215,8,22,1497,1907,2676,17,9,9,1,1,1,2
1109,1,0.9,1,10,0,61,0.25,148,4,5,612,1139,505,15,7,2,1,0,0,0
760,1,0.6,1,7,0,14,0.72,113,2,16,708,685,1420,14,9,7,0,1,1,0
2115,1,2.6,1,6,0,47,0.18,134,3,10,1916,2279,3928,17,4,10,1,1,1,3
1065,1,1.7,0,16,1,26,0.72,155,5,20,723,1522,1463,10,8,14,1,1,0,1
726,0,1.9,1,4,0,24,0.9,158,5,20,405,826,1385,16,6,9,1,1,1,0
1514,1,1.4,0,15,1,53,0.19,152,6,5,1136,1163,2074,10,8,14,1,0,1,1
2994,1,2.0,0,0,1,41,0.87,95,3,5,1523,2283,3378,17,3,6,1,0,0,3
2619,1,1.9,0,11,1,31,0.52,172,3,6,1454,1928,3851,13,6,7,0,1,0,3
1163,0,1.4,0,2,0,50,0.96,214,4,5,1097,1188,1296,12,3,14,1,1,0,1
2161,1,2.7,1,2,0,14,0.52,128,7,18,1251,1999,3117,8,2,4,0,1,1,2
2154,1,1.2,1,19,0,12,0.7,103,6,12,1193,1782,2315,18,6,5,1,0,0,2
2255,0,1.6,1,14,0,52,0.41,129,3,21,1564,1803,3396,13,5,2,0,1,1,3
1610,1,2.7,0,19,1,29,0.35,151,3,9,798,914,1296,13,3,14,1,0,1,1
1031,1,1.9,1,17,0,23,0.5,102,2,9,605,1011,1348,7,7,5,0,1,0,0
652,0,0.7,0,10,0,50,0.59,158,2,5,786,1278,1283,10,7,15,0,1,0,0
2190,1,2.1,1,10,0,42,0.13,174,1,8,1475,1731,3859,11,9,11,1,1,1,3
2172,0,0.7,1,9,1,9,0.54,207,7,19,1740,2292,3883,13,3,5,0,0,1,3
1801,1,1.5,0,16,0,33,0.75,134,3,6,1253,1664,3274,19,2,5,0,0,0,2
1580,1,0.6,1,6,0,29,0.61,214,1,20,1129,1231,2137,16,3,17,0,1,0,1
2857,0,1.6,0,17,1,54,0.5,161,1,15,1827,2164,3447,11,5,17,1,0,0,3
2385,0,0.7,0,12,0,17,0.43,133,2,20,1531,1946,3587,7,7,13,1,0,0,3
1395,1,0.7,1,3,1,41,0.71,101,6,21,1177,1263,1937,10,5,3,0,1,1,1
941,0,2.2,0,10,1,59,0.85,131,2,1,546,970,918,7,4,15,1,1,0,0
1583,1,1.6,0,5,1,31,0.63,108,2,23,943,1308,2218,15,2,9,0,0,0,1
742,1,2.5,0,4,1,21,0.35,98,6,5,824,846,1231,10,7,6,0,1,0,0
2468,1,2.0,0,14,1,49,0.17,182,6,0,1794,1715,3811,10,8,7,1,1,1,3
2030,0,1.6,0,10,1,58,0.37,84,6,14,1702,2054,3561,11,7,10,0,1,0,3
712,0,1.8,0,8,1,36,0.7,165,1,20,405,1162,1230,6,5,18,0,1,1,0
972,0,1.7,0,12,0,32,0.6,118,5,23,624,913,1337,15,3,9,1,0,1,0
819,0,2.5,1,8,0,30,0.59,210,7,11,438,769,1144,5,7,3,0,1,1,0
626,1,1.4,1,14,1,18,0.54,87,8,17,898,697,1241,13,3,4,0,0,0,0
2331,1,0.8,0,15,1,51,0.56,188,1,8,1446,1428,2260,8,8,2,0,1,1,2
1773,0,0.9,0,17,1,38,0.66,176,7,8,1129,1618,2575,11,4,10,1,1,1,2
2578,1,1.4,0,15,0,6,0.97,129,8,16,1785,2254,3856,7,9,3,1,0,0,3
939,0,0.7,0,19,1,22,0.76,124,3,4,422,806,1474,10,4,17,0,1,1,0
1195,0,2.3,0,3,0,58,0.81,197,6,0,1167,1149,2486,7,5,5,1,0,1,1
2217,1,1.6,1,7,0,23,0.35,112,8,13,1111,1829,2978,18,7,18,1,0,1,2
2018,1,2.2,1,4,0,56,0.59,170,5,17,1233,1831,2910,9,5,12,0,0,0,2
2014,0,3.0,0,9,1,22,0.96,162,5,3,1022,1602,2947,13,7,17,0,1,0,2
1497,1,2.9,1,1,0,10,0.5,138,2,22,1183,1125,2201,12,5,15,0,0,0,1
930,1,3.0,0,0,0,27,0.98,83,5,5,552,834,719,14,9,14,1,0,1,0
2902,1,2.1,1,13,1,57,0.81,189,8,17,1977,1998,3649,9,3,16,1,1,0,3
2149,0,1.9,1,0,1,58,0.95,122,5,1,1974,1839,3254,6,8,12,1,0,1,3
751,1,0.9,1,16,1,46,0.27,161,5,21,514,628,1016,18,2,6,1,0,1,0
1116,1,0.8,0,14,0,19,0.57,191,1,3,977,1485,1989,6,3,19,0,0,0,1
1321,1,2.5,1,13,1,18,0.2,152,4,24,1008,913,2392,14,5,11,1,1,1,1
749,0,2.6,1,9,1,57,0.97,153,4,19,605,688,827,8,5,4,1,0,1,0
2340,0,0.8,0,16,1,14,0.92,145,7,19,1918,2043,3658,18,2,13,0,1,0,3
754,1,1.9,0,11,0,12,0.79,203,8,16,786,630,1469,16,7,2,1,1,0,0
1777,1,2.2,0,7,0,49,0.45,175,7,7,1524,1637,3398,8,6,11,1,1,1,2
2254,0,2.7,1,10,0,55,0.88,112,7,12,1276,1839,3213,10,2,3,1,1,0,2
1181,0,0.8,0,3,0,23,0.85,163,3,24,1156,1120,2154,8,9,9,1,0,1,1
2104,1,1.7,1,6,0,49,0.71,203,6,4,1527,1956,3226,19,5,7,0,0,1,3
925,0,2.5,1,12,0,41,0.16,183,7,22,559,1254,260,5,2,10,1,0,1,0
2293,0,0.7,0,14,0,41,0.3,189,2,11,1153,1562,2930,12,6,2,1,1,1,2
1073,0,2.5,0,12,0,16,0.57,168,2,17,1108,1577,1779,9,4,6,0,0,1,1
1199,0,1.6,1,1,1,21,0.87,190,3,9,867,1585,1212,18,9,11,1,1,1,1
1687,0,1.9,1,5,1,38,0.98,169,5,11,1148,1366,2281,11,5,9,0,0,1,1
2110,0,2.0,1,9,0,39,0.61,206,7,15,1074,1414,2954,6,4,9,0,1,1,2
2968,1,2.5,0,6,0,47,0.6,156,3,9,1746,1886,3231,11,5,4,0,0,1,3
706,0,1.4,1,6,1,19,0.46,135,1,16,438,647,894,6,7,7,0,0,1,0
1915,0,2.9,0,2,0,63,0.45,212,3,14,1450,1472,2767,17,7,2,0,1,1,2
1699,1,2.7,0,6,0,29,0.51,159,8,18,1122,1230,2023,7,2,9,0,1,1,1
650,0,1.1,1,16,0,33,0.92,110,5,21,834,705,1137,17,3,4,0,0,0,0
620,0,2.5,1,12,0,26,0.28,125,6,1,644,735,531,15,9,4,1,0,0,0
730,0,1.7,1,19,0,44,0.23,181,5,1,537,1259,366,16,3,12,0,0,1,0
1121,1,3.0,1,2,1,55,0.98,140,6,24,923,900,1542,13,6,4,1,1,0,1
2251,1,0.6,1,17,1,38,0.81,201,4,0,1091,1464,3402,9,8,7,1,1,1,2
620,0,1.7,0,2,1,33,0.53,98,5,18,476,1215,1480,18,4,15,0,1,0,0
1657,0,2.0,0,0,1,30,0.94,156,1,17,955,1356,1705,15,7,4,1,0,1,1
997,1,1.6,0,17,1,8,0.25,92,5,7,551,811,684,10,7,18,0,1,0,0
627,0,1.3,1,14,1,2,0.48,146,4,24,711,955,407,15,7,14,1,0,1,0
2983,0,0.7,0,12,0,24,0.87,181,4,12,1409,2079,3216,13,6,6,1,1,0,3
2385,1,2.1,0,14,1,35,0.67,93,5,18,1665,1904,3252,10,4,16,1,1,1,3
1710,0,1.1,1,5,0,33,0.41,159,1,19,1184,1207,1280,15,8,10,0,0,1,1
1747,0,0.9,1,13,1,11,0.11,80,1,13,1513,1801,2619,8,9,5,1,1,0,2
1988,0,1.7,1,14,0,57,0.87,111,2,6,1367,1380,3437,13,3,10,1,1,1,2
1888,0,2.3,0,2,0,8,0.32,101,1,13,1125,1560,2400,5,6,16,0,1,1,2
2722,0,2.4,0,0,0,17,0.3,90,8,12,1449,2251,3368,8,5,6,1,0,0,3
2244,0,2.8,0,7,0,36,0.69,108,6,19,1876,2298,3586,18,7,16,0,0,1,3
1518,0,0.7,1,12,0,19,0.59,189,4,12,927,925,2300,9,5,14,0,1,1,1
2499,0,1.5,1,7,1,49,0.16,188,6,17,1630,1708,3594,16,9,12,1,0,0,3
1183,0,1.8,0,18,1,31,0.37,123,2,0,1052,1355,2497,5,7,10,0,1,1,1
2453,0,0.7,1,3,0,62,0.63,219,6,0,1641,1857,3929,17,3,9,0,1,1,3
2942,1,1.7,0,18,1,5,0.96,200,5,21,1516,2168,3762,17,4,4,1,0,0,3
940,1,2.1,0,5,1,44,0.65,92,6,5,719,1242,1326,9,9,8,1,1,0,0
920,0,1.1,0,19,1,51,0.48,144,8,10,720,1045,626,17,8,11,0,1,0,0
1195,0,1.4,1,5,0,61,0.35,161,5,24,865,1111,2054,18,8,16,1,0,1,1
691,0,0.9,0,4,1,22,0.87,136,4,19,898,1089,1053,7,6,10,1,0,0,0
2281,1,2.7,0,6,1,24,0.19,119,3,12,1801,1795,3449,11,9,14,0,0,0,3
1672,0,1.6,0,13,0,35,0.52,130,2,13,1530,1902,2538,10,7,13,0,1,1,2
1911,1,0.6,1,12,0,55,0.21,176,7,8,1276,1870,3394,13,6,16,0,0,0,2
2845,0,2.9,1,15,1,6,0.71,188,4,9,1504,2375,3505,9,5,9,0,1,1,3
1573,0,0.9,0,18,0,47,0.1,164,5,15,880,1019,1287,5,2,7,0,0,1,1
1251,1,1.2,0,4,1,21,0.39,199,5,10,725,943,2393,11,3,9,1,0,1,1
1716,0,2.1,0,1,0,12,0.16,161,5,16,980,1567,1890,18,6,12,1,0,1,1
2690,1,0.9,1,4,1,54,0.5,120,6,14,1432,1657,3974,10,7,2,0,0,0,3
1899,1,0.8,0,12,1,47,0.22,143,4,3,1420,1997,3387,9,6,4,1,1,1,2
2955,1,1.9,0,19,1,46,0.67,183,7,13,1428,1996,3865,13,9,19,0,0,1,3
2260,1,1.7,1,1,1,3,0.34,98,4,16,1622,2258,3398,13,9,11,1,0,0,3
1165,1,1.5,1,9,0,26,0.72,119,3,15,1191,1304,1350,5,4,11,0,0,1,1
1186,0,2.0,0,3,1,36,0.24,214,6,4,600,939,660,16,3,5,0,1,0,0
2028,0,2.3,1,19,0,61,0.44,160,8,7,1455,1908,3373,17,8,4,1,1,0,2
2229,0,1.9,0,8,1,39,0.26,181,3,23,1590,1677,3934,7,5,6,0,0,0,3
1880,0,1.8,1,13,1,3,0.38,212,6,12,1425,1268,3399,7,8,19,1,1,1,2
2167,0,1.0,1,17,1,30,0.61,110,6,10,1431,1966,2835,16,3,11,0,0,1,2
761,0,1.8,0,10,0,63,1.0,130,1,23,455,728,1118,18,3,17,1,1,1,0
759,1,2.3,0,5,0,9,0.43,120,4,23,461,854,660,8,4,5,1,1,0,0
1687,0,2.7,1,5,1,15,0.41,111,4,7,1192,1366,1811,18,3,13,1,0,1,1
913,1,0.8,1,19,1,7,1.0,96,4,7,713,1041,1168,8,4,3,0,0,0,0
1171,0,2.3,0,18,0,6,0.46,99,1,2,645,765,987,17,2,14,0,0,0,0
2414,1,0.5,0,7,0,11,0.31,118,7,16,1847,1917,3650,17,4,17,0,1,1,3
2209,0,0.9,0,14,1,17,0.19,94,7,9,1097,1772,2832,6,4,8,0,0,0,2
1617,0,0.9,0,4,1,47,0.53,146,8,21,918,1179,1542,8,9,16,0,1,1,1
2176,0,2.0,1,6,1,2,0.51,207,4,7,1575,1319,2388,14,9,18,0,0,1,2
1549,0,1.4,0,10,1,53,0.18,150,1,15,878,1123,1633,15,5,14,0,0,0,1
943,0,1.8,1,17,0,17,0.57,180,1,19,753,669,1394,9,3,4,0,1,1,0
2015,0,1.5,1,6,1,8,0.26,117,7,18,1659,1806,3428,13,6,16,1,0,0,3
771,0,2.0,0,0,0,63,0.69,116,3,19,719,895,1142,12,7,17,1,1,1,0
2317,1,1.5,1,13,1,18,0.82,141,5,18,1099,1661,2314,18,6,2,0,1,0,2
2383,1,2.7,1,15,1,18,0.33,196,5,18,1092,1967,3453,9,7,14,1,0,1,2
1186,1,1.2,1,1,1,33,0.55,97,4,18,1160,1059,1446,18,5,9,0,1,0,1
2332,0,2.6,1,6,1,22,0.54,91,7,6,1510,1882,3891,19,5,15,1,1,0,3
1533,1,0.8,1,19,1,39,0.56,188,5,23,922,1007,2310,13,2,17,0,0,0,1
1616,1,1.2,1,3,1,55,0.58,81,4,20,1258,1453,2447,19,9,5,0,1,1,2
2992,1,1.6,0,8,1,9,0.29,129,3,18,1969,1849,3840,5,8,2,0,1,0,3
1178,1,2.0,0,4,1,15,0.19,95,4,16,1107,1152,1800,7,6,4,1,0,0,1
819,0,2.1,0,7,1,5,0.66,215,5,21,716,835,274,10,5,11,0,1,0,0
1627,0,2.7,1,3,0,55,0.16,110,7,18,1521,1257,2630,5,8,11,1,1,1,2
675,1,2.1,1,11,0,30,0.18,200,5,12,732,909,1228,19,9,3,1,1,0,0
1769,0,2.1,0,3,1,17,0.15,125,8,2,1118,1354,1468,12,3,13,1,0,1,1
870,1,2.8,0,11,1,21,0.19,163,8,0,567,1103,780,14,6,16,0,0,1,0
721,0,1.5,1,13,0,3,0.6,192,3,23,550,800,755,15,4,9,1,1,1,0
1105,0,2.1,1,1,0,61,0.44,197,1,9,472,837,1217,12,7,13,1,0,0,0
1903,0,1.3,1,3,1,52,0.54,187,3,12,1505,1968,2939,12,2,7,1,0,0,2
1452,1,2.4,0,6,0,16,0.36,185,6,18,1031,1155,2316,8,7,7,1,0,1,1
1711,1,2.9,0,13,0,21,0.25,104,8,7,1169,1029,1675,13,2,18,1,1,1,1
1034,1,0.8,0,13,0,16,0.7,186,1,6,734,1150,1257,5,7,6,0,0,1,0
2594,1,1.2,1,0,1,41,0.34,89,4,16,1694,2178,3227,17,3,9,0,1,1,3
1052,1,1.9,0,6,1,24,0.73,96,1,10,525,689,953,14,5,11,0,1,1,0
2605,0,2.8,0,13,1,10,0.51,181,1,10,1441,2007,3574,7,7,10,1,0,0,3
1160,0,1.4,0,3,0,54,0.75,130,4,13,415,1175,863,6,5,6,1,1,0,0
1612,0,1.9,1,5,1,55,0.55,127,2,1,1185,1410,2311,11,7,17,0,1,0,2
1857,1,1.3,0,18,1,46,0.38,113,6,1,1377,1433,2503,9,9,2,0,0,1,2
2506,1,2.3,0,9,0,15,0.92,115,3,18,1640,2375,3468,18,6,10,1,1,1,3
1670,1,1.5,1,0,1,11,0.94,193,8,21,1395,1492,2477,19,4,16,1,1,0,2
1727,0,0.7,1,16,1,56,0.8,191,5,17,1008,959,1395,17,8,12,0,0,0,1
1869,0,1.4,1,9,1,2,0.48,133,2,19,1496,1332,3157,8,9,14,1,1,0,2
1224,1,0.8,1,1,1,9,0.9,149,3,17,1072,1402,1954,10,8,5,0,0,1,1
1334,1,1.9,1,18,0,24,0.24,108,2,15,1081,1319,1905,8,6,5,1,1,0,1
1932,1,1.9,1,11,0,60,0.81,153,4,12,1059,1852,2624,9,6,7,0,0,0,2
1588,1,2.5,1,16,0,14,0.99,153,8,9,796,1247,2064,11,6,5,0,1,0,1
1862,1,2.7,1,5,0,23,0.12,195,2,12,1390,1657,3120,13,9,7,0,0,0,2
964,1,1.3,1,4,0,48,0.52,136,4,4,848,663,662,12,2,10,1,1,0,0
621,0,2.1,0,3,1,26,0.43,167,6,4,560,1000,1126,11,2,10,1,1,0,0
702,0,1.0,0,5,1,48,0.11,83,2,8,829,992,261,17,2,16,0,1,0,0
1213,0,2.4,1,6,1,62,0.89,85,3,16,707,1421,1542,16,6,19,0,0,1,1
1164,0,0.7,1,14,0,30,0.82,87,7,2,637,994,672,5,6,6,1,1,1,0
1173,1,0.7,1,16,0,53,0.78,183,1,24,861,781,507,17,7,17,1,0,1,0
992,0,1.6,0,14,1,45,0.27,172,5,14,603,647,1066,6,9,18,1,0,0,0
805,1,1.0,1,2,1,61,0.74,163,2,1,506,1257,1229,9,6,10,1,1,0,0
1979,1,0.6,0,2,0,45,0.87,131,2,9,1422,1471,2836,11,9,14,0,1,0,2
903,0,2.1,1,14,1,45,0.58,91,8,11,813,755,712,16,5,11,0,1,0,0
840,0,1.9,1,17,0,63,0.16,218,7,15,420,950,622,7,4,12,0,0,1,0
2239,1,1.4,0,11,1,13,0.43,81,8,20,1712,1727,3572,12,9,17,1,0,1,3
2171,0,0.6,1,14,0,47,0.41,86,2,12,1401,1200,2805,6,3,17,0,0,0,2
851,1,1.2,1,4,0,16,0.21,163,3,8,762,1036,645,17,5,16,1,1,0,0
2499,1,1.4,0,2,1,20,0.17,102,4,13,1683,2134,3749,16,5,13,1,1,1,3
2089,0,1.0,0,18,0,49,0.14,146,2,11,1069,1396,3306,15,3,15,0,1,0,2
2284,1,0.6,0,19,1,33,0.11,83,5,2,1457,1972,2614,18,7,2,1,1,0,2
841,1,2.5,0,5,0,21,0.64,169,5,3,775,1249,639,18,4,7,1,0,0,0
2238,0,1.5,1,6,0,56,0.89,92,2,18,1848,1756,3551,9,6,11,1,0,0,3
1278,0,0.9,0,15,1,24,0.9,91,6,5,752,1376,2095,7,2,3,0,1,0,1
2027,0,2.5,0,2,1,60,0.75,152,4,16,1820,1843,3494,18,9,3,0,1,0,3
1980,0,2.0,1,14,0,26,0.14,143,5,24,1145,1961,3109,7,5,19,0,0,1,2
1700,1,1.3,1,16,0,9,0.84,110,5,5,1268,1345,2338,10,9,5,0,0,0,2
2231,1,1.8,0,18,1,9,0.34,180,5,24,1381,1861,3010,7,9,10,1,1,0,2
1696,1,2.0,0,0,1,43,0.73,96,8,16,1002,1294,1682,5,5,4,0,1,1,1
2443,0,2.9,1,14,0,10,0.79,203,1,14,1731,1618,3591,18,3,19,1,0,0,3
1323,1,2.6,1,0,0,36,0.1,194,3,15,875,1205,1596,10,2,10,0,1,1,1
1264,0,2.9,1,18,0,14,0.97,112,3,6,1107,1570,2440,18,8,5,1,0,1,1
1642,0,2.4,0,9,1,27,0.6,127,8,15,1335,1571,2354,10,8,11,0,0,0,2
2923,0,0.8,0,17,1,47,0.64,188,8,3,1662,2096,3975,12,2,7,1,0,0,3
2717,0,0.8,1,9,1,21,0.65,139,7,24,1436,1889,3580,7,5,8,1,0,1,3
2901,1,2.1,1,1,1,59,0.24,214,3,13,1429,1800,3634,12,9,6,0,0,1,3
989,0,1.7,0,10,1,6,0.4,81,2,2,683,1104,1469,17,5,3,1,1,1,0
2152,0,2.2,0,15,0,4,0.41,202,1,11,1224,1580,2959,18,9,7,0,1,0,2
991,1,2.1,0,7,1,41,0.27,100,5,5,659,1289,1426,10,9,2,1,1,1,0
1542,0,1.8,1,11,1,26,0.43,195,4,6,1000,942,1555,9,6,10,0,0,1,1
1702,1,1.0,0,9,1,42,0.35,147,4,10,706,944,2072,6,3,10,0,0,0,1
1063,0,0.9,0,12,0,22,0.52,98,4,3,445,1215,566,19,3,16,1,1,1,0
636,1,0.7,1,2,1,63,0.71,102,6,21,470,659,687,17,2,5,0,1,1,0
1676,1,2.9,0,2,1,51,0.56,127,2,16,861,1203,1976,5,7,11,0,0,0,1
1046,0,0.6,1,14,1,14,0.85,200,1,12,572,787,405,15,6,7,0,0,1,0
1234,0,2.1,0,7,1,16,0.61,168,5,2,1199,1145,2326,15,5,7,0,0,0,1
2179,0,2.3,1,1,0,14,0.48,217,7,12,1599,1302,3141,15,9,5,1,0,0,2
2480,0,2.0,0,14,1,19,0.62,142,3,15,1790,1879,3844,19,3,12,1,1,0,3
783,1,2.8,0,15,0,42,0.78,147,5,17,850,876,981,8,3,3,1,1,1,0
2073,0,2.3,1,1,1,33,0.52,183,7,24,1413,1705,2217,7,6,10,1,1,1,2
2338,0,2.0,1,14,0,18,0.74,101,2,6,1272,1645,2632,11,5,2,1,1,1,2
604,0,0.8,0,8,0,8,0.15,197,4,3,784,875,1071,17,4,15,0,1,1,0
1950,1,1.6,0,14,1,56,0.42,151,2,3,1018,1279,2364,9,8,3,0,0,0,2
987,1,1.8,1,6,1,14,0.62,188,6,13,857,836,734,16,7,10,0,1,1,0
1470,0,1.8,0,5,0,14,0.99,133,5,2,761,1079,2491,12,3,6,1,0,0,1
830,0,1.6,0,12,0,22,0.23,148,8,8,702,1298,1004,19,6,14,0,1,0,0
1072,1,0.8,1,5,0,16,0.28,177,2,0,849,658,285,7,8,4,1,1,1,0
1885,1,2.5,1,4,0,39,0.24,197,6,5,1527,1802,2322,6,3,2,1,1,1,2
1027,1,2.5,1,1,0,44,0.15,147,5,23,608,777,994,8,5,15,0,0,0,0
1803,1,1.1,0,4,0,59,0.14,118,6,17,1506,1348,2634,13,9,15,0,0,1,2
1462,0,1.3,1,8,0,26,0.33,177,4,22,1124,1019,2029,15,7,19,0,1,0,1
869,0,0.8,0,16,0,51,0.68,200,6,22,740,755,671,11,4,14,0,0,0,0
1748,1,1.9,0,11,1,11,0.6,143,7,18,1226,1600,2262,5,8,17,0,0,0,2
2915,0,1.5,0,13,1,61,0.88,95,5,6,1856,2126,3501,8,3,15,1,0,0,3
2111,0,2.0,0,6,1,13,0.86,122,1,1,1085,1973,2442,18,2,16,1,1,1,2
1609,1,1.6,0,5,0,22,0.86,83,2,16,1251,1666,2248,16,5,18,1,1,1,2
722,1,2.1,1,3,0,2,0.57,208,8,16,813,1244,1127,11,4,14,1,1,0,0
1155,1,0.8,0,15,0,14,0.33,154,8,20,633,1294,1284,9,5,9,1,1,0,0
1491,0,0.8,0,1,0,62,0.33,87,3,15,751,1208,2033,9,4,7,1,1,0,1
685,1,0.9,0,8,0,59,0.97,188,8,3,595,1014,1352,9,7,19,1,1,0,0
640,0,2.0,1,14,0,29,0.4,160,4,7,506,1139,482,8,8,16,0,0,0,0
2997,0,1.3,1,19,1,20,0.14,189,1,8,1539,2337,3367,11,3,13,1,1,1,3
1006,0,2.7,0,6,1,38,0.22,102,1,13,402,930,1465,6,5,14,0,1,0,0
2086,0,1.3,0,0,1,22,0.65,187,3,5,1888,2096,3925,18,9,13,0,0,1,3
1379,0,2.2,1,6,1,12,0.85,217,1,3,707,912,1550,16,8,15,1,1,1,1
2550,0,0.7,0,14,0,53,0.14,102,7,11,1913,2192,3838,19,2,4,1,0,0,3
1521,0,2.3,1,6,1,21,0.2,96,7,24,791,1227,1872,16,2,11,0,0,1,1
985,1,2.5,1,2,1,19,0.95,128,6,19,716,790,1133,8,4,5,1,1,0,0
1000,1,2.7,1,3,1,6,0.17,133,1,4,845,806,524,15,9,7,0,0,0,0
1076,0,1.5,0,11,0,26,0.5,199,6,2,543,1085,1047,18,7,2,0,1,1,0
1306,0,2.5,1,2,1,62,0.39,165,7,6,1097,1494,2473,8,7,9,0,1,1,1
2020,1,1.5,1,4,0,53,0.55,148,2,23,1045,1311,2673,11,7,17,0,1,1,2
1171,0,1.0,1,17,1,13,0.19,101,4,14,538,1124,1372,16,6,19,1,0,1,0
2012,1,2.1,0,17,0,5,0.97,132,2,12,1027,1771,2848,10,9,5,0,1,1,2
830,1,1.1,1,6,1,53,0.17,201,1,4,762,1298,1497,6,2,18,1,0,0,0
1938,0,2.5,0,17,0,34,0.86,208,6,22,1183,1616,2383,14,8,6,0,1,0,2
2045,0,0.6,0,19,1,24,0.39,105,4,21,1826,1786,3831,15,2,15,0,1,0,3
1492,1,3.0,1,17,0,34,0.25,180,8,11,976,1318,1863,17,6,15,1,1,0,1
1642,0,1.9,1,3,0,3,0.34,88,4,20,1237,1911,3347,17,4,18,0,0,1,2
2578,0,0.9,0,5,0,62,0.65,147,4,16,1766,1968,3482,19,7,16,1,0,0,3
1282,1,3.0,1,15,1,36,0.6,100,4,22,1102,1218,2236,7,2,11,1,0,1,1
632,0,1.0,0,13,1,39,0.79,158,8,24,606,829,1384,17,9,9,0,1,0,0
1550,0,2.6,1,8,0,31,0.66,96,6,2,1135,1154,2269,17,3,13,1,0,1,1
937,1,0.6,1,5,1,24,0.86,81,4,24,587,987,1201,17,4,3,0,1,1,0
2616,1,2.3,0,9,1,58,0.41,119,7,18,1647,2394,3580,6,9,6,1,0,1,3
1646,0,2.9,1,16,1,10,0.44,206,7,9,1558,1924,3344,6,7,4,1,1,1,2
2917,1,2.2,1,13,1,6,0.12,117,5,22,1689,2103,3262,19,7,13,1,0,1,3
703,0,2.7,0,16,0,18,0.33,92,8,6,516,901,492,10,2,4,1,0,1,0
2987,0,1.5,1,12,1,28,0.41,85,8,14,1962,1768,3458,9,2,4,0,1,1,3
2653,0,2.7,0,4,0,54,0.12,195,4,10,1972,2185,3760,6,7,10,0,0,0,3
2709,1,3.0,0,14,0,49,0.16,163,2,17,1610,1740,3333,16,5,17,1,1,1,3
1611,1,1.9,1,9,0,57,0.85,139,1,22,1088,1237,2527,6,3,10,0,0,1,2
1063,1,2.1,0,13,0,10,0.12,141,7,7,1187,1521,1404,15,3,19,1,0,1,1
1659,0,2.2,0,17,0,30,0.96,194,4,8,935,918,1781,17,2,8,0,0,0,1
1115,1,1.5,0,5,1,45,0.77,121,2,14,495,986,894,15,8,6,0,0,0,0
1072,1,0.9,0,6,1,32,0.48,192,6,15,645,780,784,17,5,8,1,0,1,0
2448,0,0.9,0,9,0,4,0.68,98,5,22,1581,2254,3796,18,5,2,1,0,1,3
1146,0,0.9,0,16,1,16,0.32,144,3,14,638,1163,781,6,7,17,1,1,0,0
775,0,1.2,0,14,1,56,0.6,118,4,1,681,1052,1013,8,5,9,0,0,0,0
1850,1,1.3,1,9,1,41,0.59,208,2,12,1248,1587,2619,6,5,16,0,0,1,2
1153,1,2.2,0,16,0,62,0.78,126,5,20,896,1050,1155,13,7,12,1,0,0,0
2515,1,2.6,1,16,1,50,0.18,211,8,12,1611,1818,3271,17,4,19,1,0,1,3
1531,0,2.6,1,10,0,51,0.62,168,3,11,1046,1541,1953,5,2,6,1,0,0,1
632,1,1.8,0,15,0,6,0.76,217,1,11,880,1206,670,15,4,4,0,1,0,0
1768,0,0.9,0,11,1,44,0.64,161,4,13,1365,1779,2535,18,5,8,0,1,0,2
2891,0,2.4,0,16,1,63,0.83,152,3,11,1660,1643,3696,8,5,16,1,0,0,3
1061,0,1.1,1,15,1,57,0.81,82,5,20,457,1185,679,16,2,19,1,1,1,0
888,0,1.4,0,13,0,38,0.51,178,3,3,655,816,1307,8,7,19,0,0,1,0
1677,1,2.4,1,11,0,42,0.49,140,6,19,1186,1658,3025,5,9,2,1,0,1,2
1162,0,0.6,0,17,1,26,0.1,156,1,17,437,1044,861,19,5,15,1,1,1,0
1776,1,2.5,1,6,1,31,0.27,120,2,0,1106,1595,1435,11,2,18,0,0,1,1
2063,1,1.5,1,19,0,4,0.25,208,6,17,1080,1567,3313,10,6,13,0,1,1,2
1013,0,2.5,1,5,1,5,0.36,189,6,18,913,1228,1914,9,2,14,1,0,0,1
1195,1,1.7,1,19,1,14,0.56,83,4,3,1036,1493,2337,9,9,8,0,1,0,1
1550,0,2.3,0,5,0,63,0.75,190,1,11,992,1491,2118,14,5,3,0,1,0,1
1081,0,1.3,1,8,1,16,0.76,131,4,9,1112,1241,2228,7,2,6,0,1,1,1
2258,0,3.0,0,17,0,52,0.52,144,5,18,1554,1276,3153,11,8,5,0,1,1,2
2215,1,2.7,1,8,0,37,0.59,192,1,19,1929,1701,3821,5,3,12,0,1,1,3
702,0,1.5,0,13,0,19,0.75,178,7,8,611,1081,638,16,9,7,0,1,0,0
2435,1,1.3,1,17,0,63,0.92,154,6,15,1865,1972,3239,14,4,7,1,1,0,3
1647,1,0.7,1,19,0,5,0.94,166,6,13,1362,1948,2505,15,7,18,0,0,1,2
787,0,1.3,0,2,1,36,0.63,173,2,4,819,939,447,8,4,19,1,1,0,0
1120,0,0.7,0,11,1,8,0.35,124,7,20,417,1133,1428,9,3,12,1,1,0,0
1618,1,2.3,0,1,0,63,0.82,91,7,19,1164,1636,2711,9,7,12,1,1,1,2
614,1,2.5,1,2,0,47,0.12,144,4,6,734,1276,1111,17,7,19,1,1,1,0
1714,1,0.5,0,5,1,40,0.78,167,3,10,1165,1516,2000,19,4,17,0,1,1,1
2369,0,0.9,0,1,1,49,0.38,169,3,0,1479,1838,2768,16,3,8,0,1,1,2
1463,1,1.7,1,9,0,36,0.91,161,6,6,1026,1359,2391,19,6,2,0,1,1,1
2392,0,1.0,1,18,0,6,0.25,121,6,19,1746,2081,3718,10,7,15,1,0,0,3
2397,1,1.4,0,11,0,27,0.22,174,2,20,1048,1757,2349,10,6,18,1,0,1,2
1423,0,2.3,0,9,0,49,0.9,168,1,9,833,1141,1725,8,8,5,1,1,1,1
1020,1,2.4,0,15,0,38,0.15,209,5,23,1124,1098,1332,9,3,9,0,0,1,1
2059,1,1.4,1,16,1,35,0.77,148,3,21,1357,1908,3087,9,8,15,0,1,0,2
1692,0,2.1,1,7,1,5,0.17,87,2,23,814,943,2401,14,7,9,1,0,0,1
1965,1,1.1,0,15,1,44,0.25,150,4,9,1271,1311,3368,17,8,15,1,0,0,2
2739,0,2.3,1,2,0,61,0.74,85,5,18,1762,2061,3506,15,4,6,0,1,0,3
1977,0,2.8,0,4,1,2,0.66,155,6,16,1244,1761,2264,12,2,11,1,0,1,2
2481,0,2.3,1,15,0,51,0.31,214,5,6,1938,2246,3543,6,4,16,0,1,1,3
2170,0,2.3,1,3,0,21,0.78,146,6,1,1184,1882,2887,19,8,10,1,0,1,2
1372,0,1.2,1,17,1,4,0.81,141,7,1,807,1262,1564,8,6,17,1,0,0,1
2869,1,0.9,0,12,0,20,0.41,212,6,9,1642,2214,3857,12,8,13,0,0,0,3
1801,0,1.6,1,4,1,26,0.2,212,6,0,1216,1345,3167,10,9,15,1,1,0,2
2835,1,2.5,0,14,0,23,0.85,192,1,15,1540,1677,3689,10,7,10,1,0,1,3
1102,0,0.9,1,13,1,51,0.65,142,5,18,710,863,338,11,4,7,1,1,1,0
1619,0,2.2,0,0,0,21,0.88,157,5,15,906,1450,2344,7,6,13,1,1,1,1
2158,1,1.0,0,12,0,2,0.76,208,6,13,1077,1486,3405,15,6,17,1,0,1,2
1641,0,1.3,0,8,1,42,0.72,126,6,9,1123,953,1791,5,4,5,1,0,1,1
1622,0,1.5,1,8,1,26,0.81,123,1,24,1169,1877,3241,17,5,17,0,1,1,2
1629,0,0.8,0,14,1,28,0.72,94,8,9,1041,1820,3076,13,6,14,0,1,1,2
2419,0,2.9,0,2,0,59,0.24,83,3,22,1801,1647,3742,15,9,3,0,0,0,3
2287,0,1.1,1,9,0,18,0.57,126,4,0,1087,1682,3303,16,2,11,0,1,1,2
705,0,0.6,0,1,1,35,0.18,184,1,24,581,794,1321,16,3,4,0,0,0,0
879,0,3.0,0,13,1,51,0.39,88,2,23,668,1249,299,19,8,7,0,1,0,0
2312,1,1.7,1,12,0,35,0.17,148,3,2,1315,1420,2666,7,9,3,0,0,0,2
1110,0,1.1,0,10,0,7,0.9,94,4,4,1023,1444,2377,14,8,8,0,0,1,1
2855,1,2.8,0,9,0,45,0.51,192,4,2,1527,2084,3503,11,5,19,0,0,1,3
937,1,1.6,0,18,0,12,0.67,142,6,18,517,855,421,10,4,15,1,1,1,0
1003,0,2.9,1,17,1,2,0.28,154,2,23,894,607,640,10,5,4,0,0,1,0
824,1,2.0,0,0,0,38,0.97,204,5,16,743,737,417,14,5,3,1,0,1,0
2214,1,1.7,1,13,0,17,0.3,156,8,0,1872,2239,3459,13,6,16,1,1,1,3
817,1,1.9,0,8,1,45,0.64,199,7,12,402,652,380,15,3,17,1,1,0,0
2053,0,0.6,1,2,1,41,0.62,183,5,10,1578,1804,3488,18,9,12,1,0,1,3
1060,0,2.8,1,7,0,23,0.5,98,4,7,601,964,1178,11,7,12,1,1,1,0
1949,1,1.6,0,11,1,23,0.47,115,8,18,1167,1479,2683,7,6,11,1,0,0,2
2535,1,1.1,0,6,1,23,0.94,218,1,1,1539,2020,3726,5,2,16,1,0,1,3
1059,1,2.0,0,9,0,31,0.27,121,8,16,418,965,1271,13,8,4,0,0,1,0
2497,0,0.5,1,17,1,36,0.8,100,5,20,1636,1882,3998,15,9,12,0,0,1,3
2815,1,1.6,1,14,0,3,0.56,207,6,2,1854,1716,3830,12,7,9,0,0,0,3
2472,1,1.4,1,6,1,10,0.82,151,5,16,1426,2125,3737,7,2,12,0,0,1,3
930,1,2.9,1,16,0,55,0.27,203,6,3,835,967,1187,6,4,5,0,1,0,0
1145,1,2.0,1,4,1,13,0.76,178,1,24,1134,1511,1438,14,7,12,1,1,1,1
2720,1,1.3,0,16,1,34,0.87,111,3,6,1525,1849,3209,16,8,16,0,0,1,3
1743,1,2.8,1,6,1,8,0.89,186,7,0,1292,1591,2443,6,4,2,1,1,0,2
1754,1,1.0,1,10,0,48,0.2,100,4,17,1137,1496,1569,15,5,13,1,1,1,1
829,1,0.5,1,4,1,39,0.38,109,7,13,889,867,825,16,6,17,0,1,1,0
1992,0,2.8,0,9,0,6,0.22,113,4,15,1192,1264,2639,5,7,2,1,1,1,2
1730,0,1.9,0,6,0,28,0.7,182,2,13,1047,1055,2130,19,6,13,1,1,1,1
615,0,1.5,1,13,0,48,0.56,180,1,14,746,1298,1304,13,8,11,0,0,0,0
2245,1,1.0,1,10,1,16,0.22,129,5,16,1772,2218,3486,7,2,16,0,0,0,3
2082,1,2.3,1,16,1,43,0.73,169,1,23,1675,2119,3768,10,5,11,1,1,1,3
1709,0,2.7,1,11,0,47,0.5,215,7,14,885,977,1889,15,2,12,0,1,0,1
1760,0,2.0,0,12,1,23,0.59,183,8,17,1475,1636,2728,5,2,2,0,1,1,2
2018,1,3.0,1,5,0,55,0.43,189,2,8,1181,1288,3461,5,9,13,1,1,1,2
2515,1,0.8,1,14,1,26,0.33,164,1,10,1759,1797,3530,14,6,11,0,1,0,3
2332,1,1.6,0,3,1,11,0.49,153,2,18,1413,1223,2664,16,4,14,0,1,1,2
1208,0,1.0,1,8,0,20,0.84,136,7,13,857,1158,1755,14,4,4,1,1,0,1
1667,0,2.9,1,5,1,36,0.84,155,7,11,1036,1585,1863,6,6,10,1,0,0,1
2791,1,1.4,1,1,0,49,0.15,176,4,11,1478,1688,3686,11,6,4,1,1,1,3
2067,1,2.1,0,5,1,23,0.56,163,4,3,1436,1770,3726,16,2,18,0,1,1,3
789,1,2.4,1,1,1,19,0.52,138,4,3,451,724,360,17,4,10,0,0,1,0
1712,0,2.8,1,8,0,62,0.88,174,4,9,863,928,1979,5,3,16,1,1,0,1
1778,0,2.6,0,8,1,17,0.11,197,7,23,1039,1239,3334,19,2,2,0,1,1,2
1843,1,1.5,1,1,0,43,0.24,153,6,13,1542,1249,3335,6,7,14,0,1,1,2
1518,1,2.5,1,8,0,27,0.28,203,2,11,798,1085,1564,9,5,16,0,0,0,1
2219,1,1.7,1,4,1,34,0.35,179,3,1,1417,1908,3750,6,7,14,0,1,1,3
1955,1,2.3,1,12,0,2,0.11,186,4,5,1129,1761,2887,16,5,15,0,1,0,2
1742,1,3.0,0,14,1,54,0.51,178,2,6,738,1464,2385,15,7,10,0,1,1,1
1177,1,2.3,0,9,1,55,0.39,173,1,2,1007,1000,2402,7,7,18,1,0,1,1
652,1,1.8,1,19,1,50,0.81,206,3,16,486,754,726,12,7,3,1,0,0,0
2477,1,0.9,1,7,1,26,0.18,149,8,18,1957,1673,3767,9,2,12,1,1,1,3
1051,1,1.1,1,0,0,34,0.4,180,3,12,1043,1121,1489,14,5,8,0,1,0,1
2404,0,0.7,1,11,1,41,0.93,107,2,24,1524,2281,3255,9,7,7,0,1,0,3
2189,1,2.9,1,13,1,13,0.75,99,2,7,1544,1477,2871,16,4,8,0,1,1,2
2019,1,2.2,0,6,0,46,0.46,137,4,15,1317,1415,2865,5,7,12,1,0,1,2
1625,1,1.5,0,17,0,16,0.86,169,3,11,1435,1829,2366,16,2,6,0,1,1,2
2076,0,1.4,0,0,0,33,0.19,169,6,13,1608,1765,3818,11,4,19,0,0,0,3
1066,1,2.1,0,16,0,26,0.76,215,6,12,510,849,972,5,5,9,0,0,1,0
2062,1,1.1,1,18,1,44,0.66,122,4,1,1294,1646,2439,19,7,4,1,0,0,2
1586,0,1.5,1,11,0,13,0.33,145,8,24,776,1419,2249,17,7,14,0,0,0,1
2218,0,1.3,0,16,0,54,0.86,104,1,20,1979,2205,3578,12,2,11,0,0,0,3
2236,1,1.4,0,11,0,14,0.91,194,7,23,1429,2011,3245,11,4,15,1,1,1,3
871,1,2.5,0,16,1,29,0.57,213,2,1,712,989,709,18,8,19,1,0,1,0
1689,0,1.0,0,19,0,6,0.51,140,8,12,1406,1475,2730,19,6,15,0,0,0,2
1610,0,0.9,0,10,1,45,0.34,184,5,17,1052,1322,1961,7,5,19,0,1,0,1
1188,0,0.8,0,14,0,5,0.86,135,1,14,1080,1528,2390,9,9,13,0,1,1,1
904,0,1.0,1,1,1,33,0.35,193,7,20,849,998,708,18,8,17,0,0,1,0
2399,1,1.9,0,0,0,3,0.17,93,6,2,1467,1544,2897,14,5,3,0,0,1,2
1807,1,2.2,1,17,1,59,0.45,194,7,5,1052,1815,2426,17,4,3,0,1,1,2
2212,0,1.5,1,3,0,52,0.8,109,6,14,1175,1932,2465,10,7,4,0,0,1,2
2227,1,3.0,0,2,1,18,0.91,130,7,7,1797,1702,3226,14,5,14,0,1,1,3
1753,1,1.4,0,2,1,35,0.76,140,7,1,1047,1586,2953,15,6,14,0,1,1,2
1037,1,1.8,1,12,0,49,0.51,98,6,23,833,1093,281,16,9,16,0,0,0,0
2814,0,2.2,0,15,0,18,0.25,186,1,7,1869,2026,3423,11,5,3,0,0,0,3
2851,1,2.1,1,15,0,52,0.89,127,6,7,1614,1754,3935,6,5,14,1,0,1,3
803,1,0.8,0,4,1,25,0.8,139,1,8,738,819,1362,17,2,18,0,1,1,0
2349,0,0.9,0,3,0,28,0.33,131,3,3,1282,1467,2726,9,4,8,1,1,0,2
1702,1,1.2,0,13,1,31,0.17,95,6,3,1028,1474,1730,16,3,10,0,0,0,1
1072,1,1.1,0,17,0,22,0.28,129,2,24,718,1114,1442,16,7,6,1,0,0,0
1677,1,2.8,1,6,1,31,0.23,112,7,13,1170,1577,2403,12,7,13,0,0,0,1
2565,1,2.0,0,3,0,36,0.14,196,5,0,1946,1995,3352,5,5,15,1,0,0,3
826,0,2.2,1,1,0,22,0.82,195,2,22,566,644,1487,14,6,10,0,0,1,0
2360,1,3.0,0,6,0,33,0.28,162,4,21,1330,1469,2946,19,5,13,1,1,0,2
2805,0,1.5,0,4,0,59,0.26,147,4,18,1652,2256,3471,14,2,7,0,1,0,3
1669,1,2.1,1,17,0,53,0.69,166,3,11,1181,1352,2251,12,6,10,0,1,0,1
1000,1,2.2,0,6,0,16,0.12,170,6,16,942,1374,1662,7,5,15,0,1,0,1
2808,1,1.5,1,2,1,3,0.96,90,5,13,1430,1706,3398,6,9,6,0,0,1,3
719,1,1.8,1,8,0,25,0.69,83,5,24,561,1239,949,10,7,14,0,0,0,0
1661,1,1.9,1,5,1,24,0.8,173,3,14,1016,1749,2403,19,7,3,1,0,1,2
1019,0,0.5,0,1,1,25,0.5,188,6,7,633,1227,1488,13,2,14,0,1,0,0
2793,0,2.3,0,11,1,39,0.28,99,5,6,1618,1857,3518,11,7,4,0,0,0,3
2630,1,1.3,1,11,0,7,0.26,135,6,13,1883,1998,3770,17,5,9,1,0,1,3
601,0,2.3,0,2,0,33,0.92,125,3,18,688,1242,861,7,2,5,1,1,0,0
2316,0,2.4,0,12,0,50,0.76,128,4,0,1482,1372,3278,9,2,6,1,0,0,2
1092,0,2.7,0,5,0,10,0.43,81,1,9,651,760,1077,18,8,13,1,0,1,0
882,0,1.4,0,12,0,37,0.2,204,7,1,710,667,1107,19,8,7,0,0,0,0
2245,0,2.2,1,7,0,48,0.35,210,7,10,1456,1659,3323,9,3,13,1,0,0,2
2607,0,2.4,1,5,1,6,0.75,108,4,14,1467,1663,3895,15,8,4,1,0,1,3
1844,1,0.6,0,9,0,4,0.47,89,6,11,1437,1296,3273,5,5,2,1,1,0,2
1446,0,1.7,0,16,0,10,0.8,117,8,11,863,1201,2015,16,7,7,0,0,1,1
2486,0,1.5,1,13,0,12,0.19,112,5,23,1901,2378,3293,12,6,16,0,0,1,3
1118,1,1.1,1,15,0,9,0.17,165,4,23,1153,1519,1844,14,7,2,1,0,1,1
1161,0,1.7,0,8,0,20,0.57,155,1,23,694,968,1208,8,4,2,0,1,0,0
1177,0,1.7,1,16,1,57,0.6,148,5,15,539,1061,1171,8,7,17,0,0,1,0
1812,1,2.0,1,19,0,6,0.74,143,1,7,1315,1675,3018,9,9,16,0,0,1,2
1857,1,1.2,0,19,1,57,0.24,174,4,8,1132,1712,3386,6,7,9,0,1,1,2
2187,1,2.8,1,13,1,19,0.46,108,4,22,1901,1731,3551,8,7,19,1,1,0,3
1789,0,1.1,0,17,0,11,0.72,145,8,2,1536,1957,3112,8,3,4,0,0,1,2
1508,1,1.8,0,0,0,37,0.73,144,8,9,807,1170,1444,17,3,18,1,0,1,1
668,0,0.9,0,18,1,32,0.57,130,5,18,522,1085,368,10,5,17,0,0,1,0
1593,1,1.0,0,7,0,60,0.19,117,1,5,890,959,1492,10,2,7,1,0,1,1
2940,1,2.6,1,14,1,40,0.37,116,1,2,1948,1619,3459,5,6,13,0,1,0,3
1254,1,2.3,0,3,0,17,0.8,204,1,5,920,1400,2370,6,2,8,1,1,0,1
2634,0,2.7,0,19,1,2,0.27,92,8,17,1483,2029,3788,19,6,14,0,0,1,3
716,0,1.5,0,5,0,8,0.63,128,4,9,421,926,1090,19,3,3,1,0,1,0
1041,0,0.9,0,3,1,31,0.96,219,4,20,878,1143,861,9,8,9,0,1,0,0
1833,1,2.9,1,2,1,39,0.27,135,3,22,1357,1463,3149,6,2,7,0,0,1,2
2209,1,1.8,1,14,0,8,0.27,195,7,15,1416,1837,2807,15,7,13,0,1,0,2
1637,1,1.3,0,15,1,15,0.98,167,4,3,1080,1251,2535,18,8,2,1,0,0,2
2248,0,0.9,0,10,0,21,0.67,189,7,23,1851,1940,3491,13,3,13,1,1,1,3
1320,1,1.8,0,1,1,10,0.52,98,3,20,1042,1394,2083,8,8,4,1,1,1,1
2965,1,2.2,1,8,0,49,0.83,169,3,18,1731,1658,3393,19,6,9,1,0,0,3
1335,1,0.8,1,13,1,21,0.45,174,2,4,1103,1423,1445,14,3,15,1,1,1,1
1165,0,1.6,1,17,1,39,0.16,121,2,15,549,1067,1145,18,7,17,1,1,1,0
1084,0,0.8,0,3,1,13,0.63,187,3,15,718,1119,398,11,5,18,0,1,0,0
1634,0,2.7,1,17,0,25,0.23,83,6,12,822,1386,1576,6,3,16,1,1,0,1
1098,1,1.2,1,13,1,5,0.89,117,3,3,584,1116,528,8,4,13,0,1,1,0
2790,0,1.5,0,9,0,47,0.95,178,4,5,1972,1923,3998,17,8,15,0,1,0,3
2023,0,0.6,1,9,0,13,0.84,96,5,3,1320,1431,2766,11,3,17,0,0,0,2
2369,0,1.9,0,13,0,7,0.72,202,7,20,1094,1369,3231,16,2,5,0,0,0,2
2548,0,2.7,1,19,1,51,0.31,81,1,6,1733,2064,3735,11,3,5,0,0,1,3
2831,0,1.7,1,18,1,51,0.94,96,6,22,1738,2294,3460,19,7,17,0,0,1,3
1510,0,1.7,0,5,1,53,0.95,161,8,15,811,1309,1928,18,9,17,0,0,1,1
949,0,1.6,0,12,1,22,0.37,87,8,15,456,1259,1425,18,4,16,1,1,1,0
1074,1,2.7,1,16,0,35,0.9,138,5,3,737,1089,753,14,4,13,1,1,1,0
1895,1,2.1,1,16,0,39,0.69,165,6,17,1268,1361,3445,10,5,19,1,0,0,2
2693,1,2.6,0,1,1,17,0.26,176,5,14,1575,1626,3729,5,3,19,0,0,0,3
1933,1,2.4,1,1,0,56,0.18,192,8,17,1560,1434,3161,16,7,14,1,0,0,2
712,1,2.7,0,8,1,30,0.47,202,2,16,508,1161,1044,16,4,3,0,0,1,0
1651,0,1.9,1,15,0,51,0.34,110,5,14,1211,1483,2710,9,9,9,1,0,0,2
1427,1,2.2,0,19,0,48,0.89,97,3,4,1064,1498,2481,5,3,4,0,1,1,1
1636,1,1.6,0,2,0,54,0.49,176,4,24,1584,1911,2386,8,7,2,1,1,0,2
1616,1,1.1,0,14,1,57,0.37,217,8,5,1300,1495,2632,10,5,18,1,1,1,2
1599,1,2.6,0,6,1,50,0.41,80,5,0,906,1478,1210,16,2,15,0,0,0,1
1153,1,1.5,1,0,1,20,0.86,90,1,12,833,1367,1823,13,8,7,0,1,1,1
1516,0,0.9,0,12,1,12,0.56,151,2,22,792,912,1721,17,9,13,0,1,1,1
1109,0,2.3,1,5,1,59,0.97,160,2,17,446,754,957,5,4,3,0,1,1,0
1300,0,1.2,1,17,1,43,0.78,200,3,9,768,1440,1319,15,8,19,0,0,0,1
2130,0,0.9,0,6,1,19,0.44,112,7,24,1472,1596,2532,11,8,19,0,1,1,2
2152,0,1.1,1,11,1,59,0.61,132,5,6,1700,2350,3443,6,4,11,1,0,1,3
2169,1,2.1,1,8,1,63,0.62,123,2,8,1138,1980,3173,16,3,12,1,0,0,2
1146,0,1.5,0,19,1,62,0.96,127,2,14,641,1287,1152,18,9,4,1,0,1,0
1689,0,0.6,1,3,0,55,0.99,148,7,6,954,1174,2180,10,5,18,1,1,0,1
2073,1,0.7,0,17,0,7,0.67,176,8,22,1293,1426,3230,10,4,5,1,0,0,2
1869,0,1.4,0,3,1,9,0.88,214,2,1,1471,1866,3462,16,9,14,1,0,1,2
2184,0,2.8,1,19,0,37,0.78,125,2,4,1373,1625,2687,6,6,6,1,1,0,2
2745,1,0.9,0,1,1,50,0.29,92,7,18,1758,1959,3624,18,3,10,1,1,0,3
1678,0,2.3,0,13,1,59,0.63,188,2,3,1005,1802,3408,18,2,6,0,1,0,2
2740,0,0.9,1,3,1,57,0.83,143,2,10,1681,1865,3641,14,4,14,0,1,1,3
2224,1,1.9,0,6,1,57,0.33,80,8,18,1310,1981,3099,18,5,8,0,0,0,2
1791,0,0.6,0,6,1,2,0.79,139,7,21,747,1291,1298,13,8,10,0,1,1,1
1086,1,2.8,1,9,1,20,0.15,107,2,19,972,1423,1643,15,3,11,0,1,1,1
1528,1,1.5,0,10,1,39,0.65,204,3,13,985,1210,1533,7,9,7,1,0,0,1
1080,0,1.1,0,1,1,26,0.74,109,8,21,817,875,1009,8,5,5,1,1,0,0
652,0,1.3,0,18,0,20,0.45,172,2,21,629,1079,869,7,9,11,0,0,1,0
1284,1,3.0,1,10,0,12,0.63,200,3,10,1047,1437,1886,5,4,5,1,0,0,1
979,1,2.0,0,17,0,59,0.14,126,7,10,448,944,940,11,3,7,1,1,1,0
729,0,2.4,0,17,1,14,0.15,164,2,0,825,788,1391,15,8,2,0,0,1,0
1847,0,2.2,0,19,0,63,0.99,157,6,20,1572,1860,3021,19,9,8,0,1,0,2
2375,1,2.9,0,15,1,19,0.73,144,8,3,1537,2120,3893,13,2,13,1,1,1,3
1681,1,2.3,1,13,0,50,0.36,170,2,4,1568,1216,2231,16,5,3,1,1,0,2
1965,0,1.3,1,12,0,26,0.19,80,5,11,1211,1734,2646,18,8,8,0,1,1,2
1722,1,0.5,1,18,1,50,0.33,154,3,0,933,1046,2355,7,6,4,1,0,0,1
1165,1,2.4,0,19,1,20,0.49,108,3,1,752,838,362,19,9,17,1,0,0,0
1822,1,1.5,1,7,1,6,0.6,99,8,14,1481,1932,2830,6,7,4,1,0,1,2
2335,0,1.5,0,10,1,42,0.14,105,6,1,1164,1858,2922,16,2,4,1,1,0,2
2097,1,0.6,0,6,1,39,0.15,140,7,4,1564,2396,3737,8,2,14,1,0,1,3
1117,0,0.9,0,10,1,59,0.67,114,7,22,681,692,674,18,8,11,1,1,1,0
1104,1,0.9,0,14,0,46,0.81,124,4,7,563,653,1191,19,2,19,0,0,1,0
1115,1,2.5,0,16,1,45,0.48,135,8,15,1186,1347,1371,9,9,5,1,0,1,1
2482,1,2.7,0,15,0,39,0.87,133,5,21,1689,2077,3595,6,5,12,1,1,1,3
2222,1,2.0,0,1,0,63,0.46,86,8,7,1431,1687,3264,19,9,10,0,0,0,3
2325,1,1.4,1,19,1,5,0.62,100,8,8,1557,1290,2566,13,7,11,1,0,0,2
1127,1,2.5,1,19,0,50,0.85,138,2,0,1037,1208,1600,16,4,16,1,1,0,1
723,0,1.8,0,11,1,59,0.79,178,1,13,486,859,828,15,9,11,0,0,1,0
2077,1,1.7,0,7,0,62,0.27,85,7,0,1122,1521,3074,7,3,16,0,0,1,2
1343,0,0.7,0,11,1,14,0.22,90,1,21,906,1004,1561,13,9,16,1,0,1,1
1737,0,1.3,0,9,1,26,0.35,149,1,9,1056,1014,1661,5,4,5,1,1,0,1
1771,0,1.8,0,0,0,28,0.4,210,7,24,1114,1461,2160,10,4,9,1,0,0,1
2809,1,2.0,0,9,0,48,0.28,80,5,10,1998,1621,3271,6,5,10,0,0,1,3
1374,0,1.2,0,19,0,24,0.13,109,8,17,1139,951,2118,19,4,13,0,0,1,1
1503,0,2.9,1,11,1,10,0.81,216,1,8,870,1426,1736,13,7,7,1,0,0,1
1668,0,0.8,0,3,1,56,0.24,82,7,9,1199,1219,3052,11,4,11,0,0,0,2
2202,0,1.8,1,16,0,9,0.47,194,1,10,1510,1562,3057,9,9,15,1,0,0,2
1261,0,2.7,1,2,0,27,0.7,211,5,1,1156,1055,2168,9,6,13,1,0,1,1
992,1,2.5,1,7,0,15,0.92,86,8,21,895,1079,1223,8,2,10,1,1,0,0
1314,0,2.5,1,9,0,38,0.53,210,3,3,780,992,1320,13,8,19,1,0,1,1
2176,1,1.4,1,15,1,17,0.71,101,5,17,1811,2319,3700,10,3,2,1,1,0,3
2071,1,0.6,0,19,1,58,0.45,105,3,15,1519,1289,2480,15,8,2,0,1,0,2
1167,1,0.5,0,18,0,48,0.7,188,7,4,841,927,2403,8,8,4,1,1,1,1
2838,1,0.9,1,19,1,8,0.63,89,5,0,1784,1952,3898,8,2,6,1,1,1,3
738,1,0.8,0,7,1,5,0.49,102,4,14,585,1190,923,17,3,14,1,1,0,0
2095,0,1.7,0,0,1,54,0.8,215,7,1,1078,1411,3296,18,7,16,0,1,1,2
2125,0,1.4,1,12,0,23,0.82,197,7,23,1631,2005,3830,15,4,9,1,0,0,3
2597,0,1.8,0,15,0,57,0.15,168,6,21,1981,1964,3396,9,6,19,0,0,1,3
1146,0,2.5,1,18,1,25,0.91,200,3,22,1189,1412,1261,14,3,6,0,1,1,1
1037,1,1.7,1,10,1,9,0.48,148,7,9,964,1551,1294,12,6,15,1,0,1,1
687,0,2.8,1,1,1,37,0.81,169,4,10,462,1079,1166,9,8,14,0,1,0,0
1144,1,1.1,0,12,1,17,0.23,184,2,24,792,726,1158,15,5,15,1,1,1,0
901,1,0.7,1,9,1,37,0.26,83,4,17,704,648,618,16,8,18,1,1,0,0
1941,0,2.7,0,11,0,37,0.61,123,8,24,1106,1877,2284,10,6,6,1,0,0,2
1600,1,1.3,0,7,1,20,0.66,141,6,3,1176,1478,1686,15,3,12,1,1,1,1
2523,1,1.9,1,11,1,21,0.17,204,4,4,1988,1890,3252,18,6,19,1,1,1,3
2751,0,1.1,1,12,1,37,1.0,127,8,4,1494,2093,3731,18,2,7,0,0,1,3
1213,1,0.6,0,14,0,36,0.37,166,7,8,944,1357,1215,11,5,19,0,1,0,1
2067,0,0.9,0,13,1,63,0.39,108,5,7,1159,1865,3296,13,4,19,1,1,0,2
712,0,2.6,1,1,1,63,0.74,138,4,1,713,647,883,19,6,2,1,0,1,0
1735,1,1.2,0,11,0,8,0.62,210,6,15,1142,1412,2770,13,7,15,1,0,1,2
2616,0,2.5,1,2,0,23,0.55,172,6,20,1794,1773,3944,9,4,9,1,1,0,3
1162,1,1.5,0,5,1,33,0.84,126,4,21,812,949,1496,13,8,5,0,0,1,0
604,0,0.6,1,11,1,42,0.32,109,8,9,580,631,1174,5,3,16,1,0,1,0
2100,1,0.7,1,9,1,32,0.21,147,4,17,1699,2047,3723,15,7,14,1,0,1,3
2182,1,2.6,0,14,1,41,0.48,213,5,4,1120,1915,3140,19,2,15,0,1,0,2
1408,0,1.9,0,18,0,34,0.87,108,6,15,1173,995,2184,5,5,11,0,1,1,1
2350,1,2.0,0,3,1,62,0.98,116,2,7,1213,1700,2681,9,8,19,0,1,0,2
1202,0,1.0,1,12,1,45,0.11,92,8,20,1132,933,2240,14,6,3,0,0,1,1
2218,0,1.3,0,15,1,56,0.8,199,2,2,1954,1746,3431,9,4,6,1,0,1,3
1002,1,1.7,0,0,1,61,0.38,165,4,23,848,1273,2389,7,4,12,1,0,1,1
2584,1,0.8,1,6,1,9,0.24,190,8,1,1489,2398,3308,15,7,15,1,0,1,3
2351,0,1.0,0,19,1,17,0.57,132,4,6,1430,1777,3848,17,8,11,0,1,0,3
1149,0,2.4,0,17,0,29,0.79,151,8,1,1090,1133,1774,12,4,14,1,0,0,1
760,1,0.8,0,4,0,36,0.38,128,2,22,850,864,1013,16,6,8,1,1,1,0
836,1,2.7,0,17,1,23,0.87,87,3,3,515,828,981,15,2,3,1,1,0,0
2361,1,0.7,0,10,1,33,0.19,124,5,0,1486,1886,3760,6,5,5,0,0,1,3
868,1,2.5,0,15,1,63,0.37,198,3,8,545,681,712,11,3,5,0,1,0,0
1757,0,2.0,0,11,0,41,0.52,98,7,5,723,1235,1961,15,9,11,0,1,1,1
1075,0,2.0,0,0,1,14,0.54,138,7,22,1171,964,1743,13,5,14,1,0,1,1
759,0,1.4,0,16,0,9,0.39,127,6,24,815,612,798,5,5,9,0,1,0,0
2119,0,2.8,1,16,1,55,0.7,166,2,7,1288,1819,2862,13,3,18,0,1,0,2
2408,1,1.8,1,19,0,21,0.79,219,3,12,1653,2276,3618,18,7,12,0,0,0,3
2289,1,0.7,1,14,0,52,0.91,203,8,8,1453,1458,3176,10,6,15,1,0,0,2
2322,1,1.8,0,18,0,16,0.18,117,4,19,1936,1892,3509,18,3,18,0,0,1,3
1018,1,1.9,1,14,1,18,0.82,186,2,18,613,1287,439,19,7,12,1,1,1,0
2389,1,2.0,1,0,0,59,0.9,191,2,12,1475,1584,3078,10,7,12,1,0,0,2
2224,0,2.4,0,1,1,26,0.44,132,6,24,1229,1824,3045,15,9,14,1,1,0,2
1986,1,1.0,0,19,0,23,0.21,116,7,23,1003,1578,3010,13,7,7,0,1,1,2
1048,0,1.4,1,9,1,17,0.55,84,7,8,767,1458,1646,13,7,6,0,0,0,1
2692,0,0.9,0,1,0,62,0.58,200,1,13,1898,2374,3262,11,8,18,1,0,0,3
1886,1,2.3,0,6,0,56,0.33,209,8,12,1568,1710,3368,7,2,12,0,1,0,2
917,0,2.3,0,1,1,12,0.61,166,8,0,788,1282,623,18,4,12,1,0,0,0
2258,1,0.8,1,15,1,45,0.26,190,6,20,1543,1824,3346,10,4,4,1,0,0,2
2884,0,1.8,0,18,0,33,0.47,166,6,3,1960,2076,3851,19,6,13,1,1,1,3
2031,1,1.1,0,2,0,18,0.9,188,1,19,1848,2001,3802,13,3,7,1,1,1,3
1042,0,1.8,0,11,1,32,0.46,111,1,17,787,1229,2325,16,3,10,1,1,0,1
1656,1,2.8,0,7,0,37,0.97,126,7,23,1086,1439,1451,9,6,15,1,1,0,1
1785,0,0.6,1,11,0,59,0.37,139,4,6,958,1561,2491,19,9,16,1,0,0,1
2102,1,1.4,1,13,0,45,0.56,195,8,22,1742,1617,3428,17,2,8,1,0,1,3
1731,1,2.6,0,11,1,63,0.52,85,5,11,1063,1229,1339,18,9,3,1,0,0,1
1485,1,1.4,1,6,0,35,0.91,91,7,24,867,1061,2054,10,9,17,1,1,0,1
2380,0,2.0,0,17,0,3,0.16,92,4,20,1066,1920,2308,5,8,18,0,0,0,2
2361,0,0.6,0,17,0,9,0.39,93,7,2,1321,1761,2265,17,9,13,0,1,1,2
2174,0,2.8,1,17,0,16,0.87,185,6,8,1097,1626,2216,14,6,19,1,1,0,2
1003,0,2.9,1,2,0,50,0.59,168,8,17,1074,1463,1961,9,5,10,1,1,1,1
1438,0,0.7,0,6,0,19,0.48,203,5,24,881,1234,2178,12,5,10,0,0,1,1
2379,1,2.1,0,19,1,24,0.59,136,5,1,1830,2143,3761,18,9,15,0,1,0,3
2476,0,1.5,0,11,0,11,0.83,114,8,16,1495,2299,3699,12,3,16,1,0,0,3
1911,1,1.3,1,0,1,5,0.89,110,2,15,1017,1776,2773,10,4,4,1,0,0,2
1485,0,1.9,1,14,1,8,0.56,187,8,20,934,1102,2098,16,2,14,0,0,1,1
614,0,0.9,0,12,1,38,0.34,144,3,21,532,1057,625,8,3,7,0,1,1,0
1425,1,1.8,1,1,0,18,0.9,209,2,21,1103,1160,1780,10,9,7,1,0,0,1
1844,1,0.6,0,19,1,58,0.18,169,1,17,1124,1400,3233,6,9,18,1,1,1,2
1893,0,2.9,0,7,1,60,0.86,85,4,5,1106,1210,2791,17,5,13,1,0,0,2
1174,1,1.9,0,17,0,6,0.8,205,5,16,747,1274,392,7,5,14,1,1,0,0
1258,1,1.6,0,4,1,45,0.87,107,2,19,1142,1087,1595,17,6,6,1,0,0,1
2918,1,1.1,0,19,0,45,0.62,202,2,24,1438,1959,3310,11,4,4,0,0,1,3
1443,0,2.6,1,0,1,10,0.21,80,1,4,886,1323,1930,19,6,10,1,1,0,1
646,1,1.2,0,15,1,16,0.49,162,6,0,633,790,506,18,4,19,1,1,0,0
791,1,1.7,0,1,0,51,0.23,115,2,6,604,1084,268,5,4,16,0,1,1,0
1546,1,0.8,0,0,1,46,0.24,138,6,2,931,1563,2108,6,7,18,1,0,0,1
2147,0,2.1,0,6,0,57,0.84,146,7,7,1492,1997,3262,5,6,2,0,0,0,2
1698,1,2.2,1,10,1,46,0.26,98,1,23,1317,1840,2405,9,8,13,0,1,0,2
2074,1,2.2,0,11,1,11,0.72,101,5,24,1342,1932,3266,9,7,17,0,1,0,2
945,1,2.1,0,14,1,19,0.71,182,4,14,490,899,1181,15,6,16,0,1,1,0
2465,0,1.2,1,14,0,18,0.81,97,1,22,1854,2169,3566,5,4,7,0,0,0,3
1947,1,0.7,1,0,1,6,0.7,83,6,9,1087,1566,2542,18,2,9,0,0,1,2
2338,1,0.8,0,14,0,19,0.89,130,8,3,1289,1457,2749,7,5,5,0,1,0,2
1101,1,2.6,1,0,0,19,0.74,130,4,3,741,1054,1507,16,3,6,0,1,1,1
2057,0,1.1,1,7,0,62,0.83,138,3,17,1866,2251,3969,9,4,5,0,1,0,3
671,1,1.8,0,1,1,11,0.82,128,1,21,768,1008,1193,10,3,14,1,1,0,0
2112,0,2.1,0,3,0,53,0.99,141,6,22,1481,1282,2580,16,6,4,0,0,1,2
2675,0,1.2,1,5,0,33,0.78,104,6,13,1437,2184,3321,9,3,18,1,0,1,3
883,0,1.6,1,19,0,41,0.26,150,4,18,784,1169,826,6,2,7,1,1,1,0
2204,1,2.3,0,15,0,15,0.51,120,6,12,1400,2243,3793,9,3,6,0,0,0,3
2395,1,0.5,1,4,1,3,0.7,187,7,22,1733,2276,3843,10,7,12,0,1,1,3
1727,0,1.8,1,11,0,5,0.84,87,6,7,1124,1567,1710,15,2,19,0,1,1,1
1820,0,2.9,0,12,0,52,0.42,167,8,1,1105,1334,2596,19,7,4,1,0,0,2
1946,1,2.7,0,5,0,40,0.7,100,1,13,1384,1256,2603,7,7,7,0,1,1,2
2043,0,2.9,1,4,1,34,0.15,208,3,13,1370,1867,2624,18,3,5,0,1,1,2
2276,1,1.3,0,3,0,12,0.3,97,3,12,1568,1974,3593,12,6,13,0,0,0,3
845,1,1.4,0,14,1,19,0.7,113,8,9,815,789,1026,17,6,14,0,1,1,0
2232,0,1.9,1,6,1,38,0.43,175,3,2,1920,1672,3818,18,3,19,1,1,1,3
619,0,1.1,1,4,0,26,0.2,118,4,21,711,711,1131,5,5,12,1,0,0,0
858,1,2.8,1,0,1,18,0.24,116,4,7,701,1172,395,11,6,12,0,0,0,0
1939,0,0.6,0,1,0,40,0.46,142,1,13,1515,1795,3412,17,8,14,1,0,1,2
2122,0,0.9,0,5,1,11,0.73,190,1,14,1803,1657,3415,8,6,17,1,1,1,3
1562,0,1.5,0,4,1,2,0.84,145,6,4,1123,1440,1982,18,2,7,0,0,1,1
966,1,0.7,1,1,1,33,0.55,163,6,2,893,1192,1280,5,7,14,1,1,0,0
2407,0,2.7,1,16,0,50,0.64,104,6,2,1851,2065,3395,12,2,2,0,0,1,3
1680,0,2.8,0,14,0,9,0.87,171,3,21,877,1346,2280,12,9,15,0,1,1,1
1779,1,2.2,1,1,1,12,0.16,137,7,24,1213,1413,3451,12,8,19,1,0,1,2
2339,1,2.0,0,6,0,19,0.53,136,1,7,1240,1988,2306,19,5,15,1,1,1,2
2268,1,0.9,1,16,0,43,0.89,196,6,4,1443,1302,2500,7,6,8,1,0,0,2
1794,0,0.9,0,1,1,11,0.98,171,7,24,717,1420,1617,13,7,16,1,1,1,1
2323,1,1.7,0,9,0,7,0.11,119,4,7,1397,1723,2838,5,8,19,0,1,1,2
1639,0,2.7,1,16,0,63,0.28,149,4,4,1000,1020,2304,19,4,8,1,0,0,1
1176,1,1.4,1,12,0,45,0.4,179,1,17,523,1086,513,10,4,8,0,1,1,0
1157,0,1.3,1,18,1,44,0.49,191,7,18,869,1557,2138,10,6,4,0,0,1,1
953,0,2.1,0,0,1,45,0.36,104,1,8,763,1038,913,11,8,18,0,0,0,0
985,0,1.1,0,8,0,62,0.43,88,8,12,602,1170,411,19,5,14,1,1,1,0
1090,1,2.9,1,5,0,60,0.77,96,8,21,1071,1401,2276,14,8,4,1,1,1,1
843,1,1.2,1,13,0,5,0.42,125,5,12,674,866,1104,11,5,18,0,0,0,0
1645,1,1.2,0,19,1,29,0.46,181,1,9,1290,1617,3067,8,3,6,1,0,1,2
2324,1,2.0,0,5,0,11,0.28,164,2,17,1388,1508,3061,8,3,13,0,0,0,2
2616,0,1.2,1,19,0,21,1.0,115,4,1,1811,1659,3362,11,2,10,0,1,1,3
1200,1,2.8,1,19,0,18,0.11,91,2,14,1117,1176,1572,15,8,16,1,0,0,1
1861,1,1.3,1,1,1,37,0.16,202,3,12,1213,1880,3139,5,3,12,0,0,1,2
1132,1,2.1,1,19,0,57,0.58,146,2,22,1015,1232,2263,10,9,4,1,0,0,1
1178,0,2.5,1,19,0,11,0.73,211,1,19,703,1263,1677,13,8,14,0,0,0,1
1658,1,2.7,1,18,1,9,0.55,204,3,11,1165,1332,2863,18,7,4,0,1,0,2
2287,1,2.8,1,9,1,43,0.38,100,7,12,1545,1381,2583,16,9,5,0,1,0,2
991,1,2.6,1,0,1,52,0.57,101,5,11,536,822,621,13,5,14,0,1,1,0
1815,1,1.9,1,14,1,53,0.74,137,2,1,1449,1590,3150,19,9,13,0,0,1,2
1290,1,0.6,1,2,1,56,0.29,186,8,3,1107,1435,2073,13,6,19,1,1,0,1
1678,1,1.1,1,9,0,63,0.76,84,7,5,937,1516,2197,7,6,7,1,1,1,1
824,0,2.8,1,5,1,22,0.57,213,1,14,435,1049,384,19,8,15,1,1,0,0
2129,0,1.3,1,1,0,24,0.87,181,8,4,1323,1800,3130,9,3,2,0,0,0,2
1984,1,2.6,1,9,0,23,0.55,132,6,22,1155,1568,3494,7,3,16,0,0,0,2
1179,0,2.5,1,1,1,29,0.81,191,2,14,843,1132,1549,19,9,7,1,1,0,1
1749,1,1.3,1,0,1,9,0.83,111,7,13,760,1233,2183,6,2,8,1,1,1,1
1356,1,2.1,1,10,1,49,0.69,160,4,16,1137,1086,2360,7,3,7,1,0,0,1
2688,1,1.3,1,4,1,13,0.68,209,5,6,1864,1977,3214,7,8,7,0,0,0,3
1091,1,1.3,0,6,0,55,0.28,133,1,18,689,643,954,15,3,10,0,0,0,0
1140,0,1.1,0,5,1,39,0.47,195,8,10,482,1107,1057,8,9,19,0,1,0,0
2713,1,2.0,1,2,0,63,0.2,85,7,0,1795,1899,3765,9,7,7,1,0,0,3
1612,0,2.4,1,6,1,26,0.37,129,7,4,1431,1281,2224,13,7,6,0,0,0,2
2321,0,1.3,0,3,1,38,0.73,106,1,7,1492,1665,3475,19,9,12,1,0,0,2
2414,1,2.9,1,18,0,61,0.72,86,4,23,1899,1818,3584,7,6,15,0,0,1,3
800,0,2.1,0,17,0,51,0.99,96,3,0,564,663,458,5,7,11,0,1,0,0
1969,1,2.9,1,19,0,49,0.16,83,2,23,1553,1348,2759,12,8,15,1,0,1,2
1848,1,1.0,0,7,1,29,0.73,151,2,9,1110,1680,3474,15,6,18,1,0,1,2
2717,1,2.0,1,19,0,22,0.21,124,7,11,1855,2102,3713,15,9,11,1,1,1,3
2268,0,1.6,0,2,1,45,0.54,106,5,3,1633,2329,3798,6,4,16,1,0,0,3
1309,0,1.6,1,17,0,56,0.65,163,1,16,779,1159,1659,17,7,7,0,1,1,1
1038,0,1.5,1,10,1,57,0.25,218,3,3,870,1070,916,11,4,9,1,1,1,0
985,1,1.0,0,16,1,16,0.7,145,2,11,428,610,1113,12,3,5,0,1,1,0
1401,1,1.4,1,3,0,33,0.49,210,7,8,927,1483,1303,8,6,9,0,0,0,1
2838,1,2.8,0,6,1,27,0.49,106,4,24,1929,1690,3661,16,9,9,1,1,1,3
2237,0,0.7,1,8,1,36,0.9,174,8,23,1434,2167,3611,16,9,12,1,0,1,3
2488,1,1.4,1,15,0,60,0.26,164,2,14,1570,2286,3378,10,2,14,1,0,1,3
1203,0,1.4,0,5,0,60,0.61,143,5,18,930,1130,1690,7,6,13,0,1,1,1
2375,0,1.0,0,9,0,17,0.18,130,5,7,1498,1629,2717,8,8,8,1,0,0,2
1724,1,0.5,1,17,0,34,0.26,101,8,10,839,1592,1720,8,7,6,0,0,1,1
1071,0,2.4,0,17,1,54,0.75,108,8,24,576,1264,1240,9,2,4,1,0,0,0
2524,0,1.4,0,6,0,30,0.33,90,1,2,1784,2396,3402,10,6,4,1,0,1,3
2398,0,2.8,0,9,1,54,0.53,139,7,5,1212,1227,2907,14,4,18,0,0,1,2
943,0,1.7,1,18,1,17,0.77,186,2,11,831,810,1390,16,2,17,0,0,1,0
2257,1,1.4,1,16,1,5,0.92,203,1,12,1042,1360,2749,12,3,14,1,1,0,2
2736,0,2.3,0,19,1,26,0.8,145,3,2,1874,1892,3550,19,8,15,0,1,0,3
1107,1,1.1,0,11,1,53,0.98,207,5,22,830,1192,2060,13,5,15,1,0,0,1
1729,0,2.3,1,13,0,13,0.2,93,3,17,1177,1502,2125,18,6,10,0,1,1,1
2139,0,1.6,1,17,0,3,0.75,109,1,7,1880,1630,3620,12,9,15,0,1,1,3
1956,0,0.8,1,10,1,48,0.96,216,2,11,1237,1779,2664,19,3,4,0,0,0,2
2746,0,2.1,0,9,0,18,0.57,170,5,15,1765,2271,3781,17,3,5,0,0,0,3
2147,0,1.9,1,12,1,2,0.29,142,3,10,1304,1496,2973,15,6,16,0,0,0,2
2665,1,1.5,1,11,1,24,0.89,144,6,13,1802,1913,3793,13,4,10,0,0,1,3
1096,1,2.0,1,9,1,22,0.16,207,6,23,681,1139,400,9,3,7,0,0,1,0
1508,1,2.9,0,16,0,40,0.9,143,2,22,842,1334,2198,14,8,4,0,1,0,1
653,0,2.0,0,18,1,52,0.9,171,6,18,819,895,1470,8,8,11,0,1,0,0
852,0,1.0,0,17,1,14,0.5,100,4,20,730,999,268,10,4,18,1,0,0,0
1428,1,2.3,1,15,0,49,0.56,173,1,0,1120,1048,1796,11,6,8,1,0,1,1
2688,0,0.9,1,15,1,11,0.89,145,7,21,1897,2312,3461,9,2,11,1,1,1,3
1021,0,2.7,0,3,1,18,0.65,127,6,6,427,1038,277,17,6,13,1,1,0,0
730,0,0.7,0,11,0,61,0.18,80,3,8,842,1127,883,19,8,13,0,0,1,0
1223,1,0.8,0,10,1,61,1.0,114,3,17,736,1531,2162,13,6,10,1,0,1,1
2197,1,0.7,1,12,1,30,0.62,102,1,1,1592,1964,2759,5,2,19,1,0,1,2
1725,1,2.4,0,17,0,3,0.39,147,1,21,942,1092,1395,9,7,3,0,1,1,1
2873,0,1.8,0,7,1,56,0.27,139,3,15,1642,2041,3919,16,7,13,1,0,1,3
2789,1,1.8,0,2,1,50,0.93,131,1,12,1945,2104,3511,5,7,5,1,1,0,3
1165,1,1.7,0,17,0,6,0.12,92,2,6,1164,1374,1675,10,6,14,1,1,1,1
2309,0,1.3,0,16,0,2,0.69,172,4,6,1694,2374,3939,16,4,10,1,1,1,3
1580,0,1.2,0,13,1,46,0.6,119,4,2,930,1381,2285,8,5,12,0,0,0,1
2288,0,2.3,0,9,0,44,0.56,110,1,13,1637,1933,3555,13,5,3,1,1,0,3
2708,1,2.6,1,4,1,38,0.89,197,1,21,1524,2161,3723,18,3,6,1,0,1,3
1967,0,2.3,0,7,1,50,0.3,123,2,11,1379,1788,2437,16,9,8,0,1,1,2
2016,1,2.7,0,19,0,49,0.29,122,1,13,1565,2117,3236,16,3,8,1,1,0,3
2525,1,1.2,0,10,1,22,0.11,158,4,21,1887,1886,3976,13,6,14,1,0,0,3
2204,0,2.7,1,5,1,12,0.21,218,6,2,1934,1744,3722,18,6,16,1,1,1,3
1776,1,1.6,0,2,0,52,0.89,214,1,19,1216,1986,2365,18,5,11,1,1,1,2
1096,0,0.8,1,9,1,5,0.59,205,2,8,694,810,701,7,4,19,1,0,0,0
1784,1,1.2,0,1,1,50,0.39,192,5,6,1282,1240,3483,17,2,2,1,0,1,2
2148,0,1.6,0,16,1,39,0.45,207,8,7,1423,1972,3429,9,6,12,1,0,0,2
2065,1,2.8,0,3,1,51,0.18,184,5,14,1331,1404,2477,16,2,8,0,1,1,2
2606,1,0.6,0,15,1,11,0.56,180,8,15,1649,1633,3423,19,4,8,1,1,1,3
1950,0,2.1,0,6,0,59,0.71,93,8,1,1296,1864,2442,9,3,16,0,0,1,2
1644,0,1.6,0,17,0,34,0.61,116,4,12,1020,1870,3363,12,8,3,1,1,1,2
1010,1,0.8,0,6,1,61,0.87,114,2,5,751,618,438,14,5,14,0,1,1,0
2923,0,1.8,0,6,1,30,0.98,210,3,19,1960,2017,3746,8,9,7,1,0,0,3
1397,0,1.1,0,11,1,50,0.59,157,3,14,1136,1119,2495,7,5,11,0,1,0,1
2248,0,0.8,1,7,1,10,0.18,154,8,12,1333,1893,3125,18,2,18,0,0,0,2
2762,0,2.8,1,5,0,43,0.83,91,8,0,1984,2325,3541,10,3,4,0,1,1,3
2284,1,2.6,1,1,0,56,0.96,213,6,22,1630,1909,3870,8,5,3,1,1,0,3
647,1,1.2,1,14,1,40,0.24,120,8,15,528,857,955,7,9,17,1,1,0,0
1230,0,2.5,1,5,0,11,0.69,156,7,2,938,1221,1575,16,5,9,0,1,0,1
2290,0,2.3,0,6,0,32,0.85,148,4,18,1862,2218,3342,9,6,3,0,0,0,3
2163,0,1.4,0,7,1,36,0.86,120,5,3,1594,1699,2751,10,6,14,0,0,1,2
1108,0,2.4,1,3,0,63,0.4,206,6,7,472,995,1377,9,8,19,0,1,1,0
1055,1,2.9,1,19,0,50,0.33,180,4,6,454,982,342,7,3,7,0,0,0,0
1370,1,1.0,1,4,1,4,0.24,161,2,21,833,1042,2497,5,9,13,0,0,0,1
2740,0,1.1,1,15,0,35,0.9,118,3,11,1491,1878,3534,18,6,17,0,1,1,3
897,1,1.5,1,4,0,24,0.81,126,2,5,507,895,972,12,3,16,1,0,1,0
2164,1,2.5,1,19,1,33,0.55,87,7,18,1934,1928,3245,12,7,3,1,0,1,3
1788,0,0.8,1,7,1,27,0.19,80,4,20,1526,1577,3115,17,2,15,0,1,0,2
2690,1,2.7,1,5,0,17,0.59,114,5,0,1790,2110,3892,18,9,5,1,0,0,3
814,0,2.7,0,8,0,62,0.65,122,8,8,879,913,592,7,7,16,1,0,1,0
2185,1,2.1,1,8,1,11,0.85,100,2,17,1462,1299,2752,12,5,9,1,0,0,2
2440,0,2.1,1,9,0,10,0.42,190,2,24,1801,2311,3727,12,4,2,0,1,1,3
2053,0,1.8,1,3,0,18,0.55,138,7,9,1262,1813,2856,5,5,9,0,1,0,2
1779,1,2.0,1,7,0,49,0.55,112,5,20,1007,1460,1806,12,2,18,1,1,1,1
621,1,1.3,0,13,1,9,0.59,100,2,4,823,908,261,13,8,6,1,1,1,0
2627,0,1.5,0,11,1,29,0.44,177,3,22,1741,2015,3954,10,9,11,0,0,0,3
2083,1,2.8,1,8,1,48,0.72,137,3,24,1236,1252,2289,9,4,19,1,0,1,2
2534,0,1.8,1,10,1,57,0.67,114,5,9,1998,1657,3974,14,6,5,1,1,1,3
2028,0,1.4,1,3,1,2,0.21,129,3,20,1171,1623,2726,9,2,16,1,0,0,2
2534,1,2.9,0,10,0,46,0.83,110,6,7,1735,1644,3913,9,2,7,0,0,1,3
1760,0,1.1,1,4,1,10,0.17,133,4,24,787,1231,1898,9,2,4,1,0,1,1
945,0,1.2,1,0,0,41,0.87,154,5,18,623,810,631,13,5,14,1,1,1,0
2671,1,1.7,1,5,0,20,0.89,142,2,22,1607,2218,3297,17,4,8,0,0,1,3
876,1,2.3,0,6,1,9,0.4,192,3,8,645,963,965,13,8,18,1,1,1,0
2914,0,1.3,1,9,1,43,0.79,208,8,11,1588,1707,3945,18,9,12,0,1,1,3
958,0,2.6,0,12,0,36,0.3,203,2,14,431,1140,1411,8,8,7,0,0,0,0
1364,0,0.5,1,7,0,23,0.38,159,4,17,744,1273,1767,5,6,12,1,1,1,1
1083,1,2.7,0,15,0,16,0.68,117,3,16,1082,1149,2486,10,9,9,0,1,1,1
2256,1,1.0,0,3,0,6,0.44,90,8,0,1697,2347,3941,10,5,13,0,0,1,3
2527,0,2.9,1,15,1,44,0.67,219,3,9,1815,1684,3455,10,9,6,0,1,1,3
1326,1,2.2,1,12,0,20,0.39,179,2,7,841,1551,2389,7,2,5,0,0,0,1
2042,1,1.4,0,11,0,39,0.34,131,1,1,1195,1788,2708,18,2,8,0,0,0,2
1529,1,1.5,0,16,0,14,0.34,120,2,1,878,1559,1752,8,6,13,0,1,0,1
2037,1,1.5,1,3,0,7,0.25,172,2,20,1599,2269,3335,15,5,16,1,1,1,3
2036,0,2.9,0,12,0,18,0.9,191,5,8,1406,1978,3358,9,4,17,0,1,1,2
984,0,1.7,0,0,1,46,0.65,109,7,8,552,938,606,13,7,19,0,1,1,0
1197,1,3.0,0,6,0,32,0.72,166,1,8,746,1327,1517,8,8,2,1,0,1,1
2218,0,2.6,0,16,1,59,0.64,86,6,19,1028,1616,3263,17,3,6,1,0,1,2
2213,0,0.8,1,7,1,16,0.11,210,2,18,1915,2050,3994,9,8,15,0,0,1,3
1522,1,2.4,0,2,0,63,0.72,103,5,19,917,1099,1463,19,4,14,1,0,1,1
1287,0,1.8,0,7,1,50,0.42,195,4,18,838,1513,1589,6,8,17,1,1,1,1
2564,0,1.4,1,11,1,47,0.96,211,6,4,1862,2200,3224,16,8,8,0,0,0,3
879,1,2.1,0,8,1,49,0.89,204,7,19,613,1170,600,6,9,10,0,1,0,0
2301,0,1.1,1,0,1,29,0.32,165,6,2,1283,1857,2494,12,4,3,0,0,1,2
2643,1,0.9,1,15,0,7,0.15,160,2,13,1455,2385,3846,17,9,2,1,0,0,3
1055,1,0.7,1,10,0,31,0.39,84,1,19,834,1000,1568,15,9,13,1,0,0,1
830,0,2.2,0,0,1,54,0.61,85,2,18,777,807,715,6,3,18,0,0,0,0
1559,1,2.8,1,1,1,25,0.65,140,8,17,1154,1522,1520,12,8,8,1,0,1,1
1911,1,2.9,0,12,0,32,0.18,152,8,14,1520,1419,3105,18,5,6,1,0,0,2
945,0,2.4,1,13,0,56,0.55,107,6,5,511,1029,698,14,2,10,0,0,1,0
2302,0,0.9,0,18,0,26,0.44,85,2,20,1117,1389,3486,13,6,18,0,1,0,2
698,0,1.5,0,9,0,56,0.21,183,6,18,416,1167,377,6,6,3,0,0,1,0
727,1,0.7,0,0,0,32,0.29,162,3,4,461,937,653,9,4,8,1,1,0,0
2877,1,1.7,1,0,1,58,0.54,189,8,20,1693,2186,3849,19,2,4,0,1,1,3
1183,1,1.2,1,2,1,29,0.29,95,8,1,730,1295,1226,6,9,12,1,1,0,1
695,0,2.4,0,14,1,3,0.13,192,7,9,854,999,439,10,6,16,0,1,1,0
2485,1,2.5,0,19,0,53,0.11,102,1,13,1599,1843,3784,7,4,16,0,1,1,3
1150,1,1.4,0,11,1,9,0.8,170,1,18,503,711,615,8,3,17,0,0,0,0
1711,1,1.8,0,3,0,22,0.21,121,2,4,1120,1755,2907,13,3,7,1,1,1,2
734,1,0.8,0,2,0,44,0.75,172,3,20,574,1230,327,8,5,8,1,1,0,0
2697,1,1.0,1,1,1,34,0.68,147,3,24,1514,2160,3579,5,9,19,1,1,1,3
2292,1,1.6,0,2,1,16,0.9,218,6,8,1720,2320,3749,7,9,7,0,1,0,3
1938,1,2.6,0,19,0,58,0.94,182,8,5,1419,1421,3203,11,9,5,0,1,0,2
779,0,2.0,1,8,1,24,0.54,100,3,2,730,605,973,6,3,10,0,0,0,0
2574,1,1.5,1,16,0,34,0.54,164,1,14,1458,2192,3554,16,7,6,1,0,0,3
1913,1,0.5,1,17,0,5,0.23,203,3,13,1467,1546,2553,12,8,2,0,1,0,2
832,1,2.8,0,4,0,9,0.92,131,2,3,898,1137,1152,6,5,17,0,0,0,0
1614,0,0.8,1,13,1,44,0.11,127,2,17,854,1459,1311,9,8,7,1,0,0,1
1035,1,1.6,0,12,0,15,0.99,114,2,4,892,916,643,13,4,13,0,1,1,0
1102,0,2.9,1,15,0,29,0.34,203,6,15,437,898,702,10,6,13,0,1,1,0
1288,1,1.1,0,13,1,3,0.16,150,8,0,976,1432,1408,8,3,13,1,0,0,1
2415,0,1.8,1,9,1,47,0.19,169,8,16,1878,2398,3474,10,2,7,1,0,0,3
1946,0,2.6,1,1,1,23,0.68,127,1,16,1457,1326,3131,17,3,15,0,0,0,2
2556,1,0.7,0,17,1,17,0.34,117,5,6,1798,1971,3605,6,6,9,1,0,0,3
2107,0,1.8,0,19,0,13,0.87,137,4,17,1760,2382,3483,8,8,4,0,1,0,3
2565,1,1.8,0,14,0,20,0.97,190,5,6,1412,2158,3517,11,2,9,0,0,0,3
1203,0,0.7,0,14,1,21,0.32,130,4,13,1047,1292,1356,16,8,6,1,0,1,1
1743,1,1.8,0,15,0,12,0.32,215,3,24,1564,1879,2202,13,3,13,0,1,0,2
2048,1,1.9,0,18,1,59,0.81,112,2,10,1680,1830,3728,6,8,19,1,0,0,3
2832,0,2.4,1,15,0,24,0.91,120,7,17,1846,1992,3998,17,2,3,0,1,1,3
1161,1,2.8,1,2,1,49,0.37,199,1,7,1002,970,1464,19,7,9,1,1,1,1
2928,0,0.9,0,7,0,53,0.83,107,5,2,1505,2272,3723,5,5,17,1,1,1,3
2891,1,2.0,0,6,0,5,0.32,215,6,23,1965,2162,3211,8,7,8,0,0,0,3
2607,1,1.7,0,15,1,11,0.96,128,7,1,1891,2103,3988,9,8,8,0,1,1,3
1070,0,0.8,0,5,1,31,0.93,132,5,14,735,664,1404,6,4,5,0,1,1,0
1119,0,2.1,0,1,1,52,0.74,216,3,14,999,1191,1957,18,6,3,0,1,1,1
1478,1,2.4,0,3,1,45,0.65,80,5,18,1163,1457,2450,8,6,17,1,0,0,1
2851,1,2.7,1,18,0,9,0.24,97,5,2,1709,2187,3449,17,8,5,1,0,1,3
2297,1,2.7,1,1,0,18,0.25,209,3,21,1851,1936,3588,16,6,5,1,1,1,3
1870,0,1.4,1,0,0,50,0.51,167,6,15,1198,1359,3281,6,9,19,1,0,1,2
1347,1,1.8,1,3,0,52,0.28,102,7,5,1176,1001,1606,18,7,11,0,0,1,1
1106,0,1.9,0,4,0,2,0.41,129,8,6,1196,1502,1795,8,8,10,1,1,0,1
2282,1,2.3,0,12,1,20,0.31,134,3,11,1971,1954,3798,11,4,13,1,1,1,3
2292,0,1.5,1,13,1,19,0.75,183,3,17,1931,1928,3928,5,9,7,1,0,0,3
2028,0,2.5,1,12,0,25,0.46,108,5,20,1487,1827,3688,8,3,6,0,1,0,3
2374,0,1.4,1,5,1,35,0.13,190,1,21,1492,1886,3617,16,4,9,1,1,1,3
2542,0,0.5,0,1,0,35,0.92,156,1,8,1540,2006,3856,15,7,9,1,1,0,3
2649,1,1.8,0,16,0,2,0.74,200,7,1,1467,1917,3348,7,3,3,1,0,1,3
2860,0,0.9,1,13,0,8,0.34,177,4,5,1927,1904,3927,7,4,11,0,1,0,3
2925,0,2.4,0,14,0,33,0.24,168,1,3,1909,1682,3810,9,3,3,1,0,0,3
2911,0,0.5,0,4,1,51,0.93,113,7,3,1535,2126,3876,9,9,11,0,1,0,3
2219,1,0.9,1,8,0,51,0.6,129,8,6,1934,2023,3873,10,2,3,0,0,1,3
1125,1,1.0,0,9,0,49,0.71,193,2,12,1163,1380,1969,18,2,13,0,1,1,1
1492,1,1.4,0,2,1,34,0.71,165,2,1,1089,1408,2147,13,5,19,0,1,1,1
1766,0,2.2,1,5,0,57,0.35,82,5,9,1295,1803,3338,12,3,4,0,0,0,2
1673,1,0.5,0,0,1,26,0.14,156,3,24,822,943,1647,12,5,8,0,0,0,1
1556,0,1.3,0,10,1,2,0.26,198,3,8,1077,1074,2269,12,9,15,0,0,0,1
1331,0,2.4,1,18,1,39,0.95,156,5,21,727,1109,1731,16,3,5,0,0,0,1
2009,1,2.7,0,9,0,53,0.68,109,2,22,1429,1846,2422,16,9,9,0,0,0,2
2375,0,2.3,0,18,1,17,0.12,132,1,19,1573,1865,3253,10,6,12,0,1,0,3
1979,1,2.4,0,14,0,16,0.21,208,8,23,1070,1842,2893,16,7,5,0,0,1,2
1403,0,1.5,1,10,0,15,0.43,82,1,10,717,1316,2477,10,4,16,0,1,1,1
2246,1,1.0,1,16,0,62,0.59,135,6,20,1480,1629,2325,8,8,16,0,1,1,2
1357,0,2.4,0,16,1,45,0.5,133,1,0,951,1031,1332,15,3,4,0,1,1,1
1973,0,2.8,1,10,1,6,0.77,190,4,11,1120,1579,2864,16,2,12,0,1,0,2
1564,0,0.5,1,4,1,3,0.39,155,7,9,1168,1523,2142,15,8,2,1,1,1,1
2084,0,2.8,0,16,0,6,0.24,218,8,4,1779,2013,3560,12,2,13,1,0,1,3
2081,1,1.8,1,3,1,52,0.62,131,8,17,1535,2117,3729,9,8,15,1,0,1,3
1102,1,1.0,1,1,0,18,0.9,202,1,18,891,1298,1570,15,3,18,1,1,0,1
978,1,3.0,1,17,0,40,0.53,198,7,14,534,655,1398,6,5,13,0,0,1,0
1710,1,1.2,0,18,0,27,0.4,123,5,14,1302,1953,3364,14,8,8,1,1,1,2
1417,1,2.6,0,6,1,56,0.13,204,3,9,776,1373,2424,15,9,15,0,1,1,1
2102,0,2.9,1,1,1,54,0.76,146,5,19,1655,2336,3405,13,8,8,0,1,0,3
1564,0,0.9,0,19,1,24,0.71,186,3,18,1024,1172,2027,10,8,3,1,1,0,1
1971,0,2.8,0,10,0,60,0.94,96,6,20,1502,1903,3304,6,8,5,1,1,0,2
1741,1,0.6,0,16,1,50,0.37,197,5,24,1391,1780,2875,12,3,7,0,0,1,2
2138,1,0.6,1,7,0,50,0.76,117,5,3,1301,1276,3492,10,6,17,1,0,1,2
1014,1,0.8,1,18,1,61,0.36,133,1,15,533,806,1099,15,6,6,1,1,1,0
1096,1,0.9,0,18,0,48,0.33,107,5,18,785,948,354,5,8,12,1,1,1,0
1209,1,2.0,0,0,1,11,0.3,214,7,11,737,1115,2348,6,9,15,1,0,0,1
2102,0,2.3,1,0,1,4,0.18,199,5,16,1407,1415,2268,5,8,3,0,0,0,2
1026,1,1.5,1,8,0,9,0.35,203,3,8,747,886,758,11,6,2,1,0,1,0
1096,0,0.6,1,12,0,18,0.23,141,3,20,944,913,1959,11,3,12,1,0,0,1
2721,0,2.0,1,12,1,48,0.13,168,2,21,1815,1896,3762,11,5,14,0,1,0,3
2690,1,2.0,1,1,1,4,0.95,200,6,14,1907,1658,3740,9,7,7,0,1,1,3
2329,1,2.4,0,16,1,7,0.9,168,8,1,1351,1770,3079,11,3,14,0,1,0,2
1550,0,2.3,1,15,1,45,0.25,154,2,17,874,1016,1964,18,6,8,1,0,1,1
1460,0,1.7,0,4,0,10,0.46,93,5,11,1082,1581,2240,12,4,15,0,1,0,1
1971,0,0.9,1,0,0,30,0.28,213,5,17,1108,1796,2963,15,3,5,0,0,1,2
1349,1,1.4,1,10,1,50,0.57,180,6,7,750,1169,1822,10,4,16,1,0,0,1
1325,1,1.1,0,4,1,26,0.6,136,6,19,863,1071,2006,18,3,11,0,1,0,1
640,0,0.8,0,2,0,30,0.76,109,2,12,709,1103,432,9,3,6,0,0,0,0
1766,1,1.9,0,2,1,37,0.11,108,7,18,1537,1420,3268,9,3,17,1,1,1,2
1598,1,2.9,1,16,0,23,0.39,121,5,9,1026,1460,2159,16,9,19,1,1,1,1
1493,1,2.5,0,14,0,13,0.16,112,7,18,1057,1170,2464,9,8,16,1,0,0,1
2028,0,1.7,0,3,0,42,0.86,113,1,14,1256,1741,2894,17,8,4,1,0,1,2
1683,1,2.0,1,8,0,15,0.91,198,3,1,1478,1737,2315,6,2,7,0,1,0,2
2325,1,2.3,1,4,0,39,0.22,149,7,10,1508,1770,2895,6,3,9,0,0,1,2
1337,1,1.7,0,4,0,41,0.94,139,6,13,752,1319,2465,5,5,17,1,1,0,1
747,0,2.4,1,7,1,60,0.84,197,7,16,800,1003,840,14,2,5,1,1,0,0
1156,0,1.8,1,11,0,40,0.94,199,6,19,843,713,1289,11,2,7,0,0,1,0
2195,0,2.3,0,11,1,26,0.71,170,5,20,1462,1533,2539,10,7,17,1,0,1,2
766,0,1.0,0,19,1,33,0.68,155,1,15,573,658,1459,19,7,17,1,1,1,0
2374,1,1.0,1,10,1,51,0.31,166,2,8,1157,1906,2962,14,7,12,0,0,0,2
703,1,2.8,0,1,1,6,0.18,152,6,13,410,743,933,14,4,6,0,0,1,0
888,0,1.0,1,0,1,62,0.63,103,2,5,458,1005,285,17,8,7,1,0,1,0
790,0,1.0,1,4,0,3,0.35,151,3,7,704,635,1055,12,7,4,0,1,1,0
1787,1,1.4,1,16,0,33,0.26,209,2,15,967,1516,2255,10,2,5,0,1,0,1
857,0,0.6,1,5,1,38,0.16,182,2,8,634,776,303,11,4,10,1,0,0,0
1324,1,1.8,0,10,0,58,0.44,109,3,4,804,1430,2496,17,5,5,0,0,0,1
2367,0,0.9,1,0,0,62,0.88,166,1,18,1411,1711,2990,9,6,6,0,1,1,2
2011,1,1.3,0,15,1,22,0.8,184,6,17,1517,1296,3462,12,2,6,1,1,1,2
1524,0,1.1,0,0,1,37,0.75,154,8,21,1180,1267,1609,17,7,12,1,0,1,1
1703,1,0.8,0,1,1,7,0.58,186,8,17,1008,1922,2457,17,3,14,1,0,0,2
2467,1,2.0,1,11,0,45,0.49,166,8,16,1466,1774,3207,13,4,12,1,0,1,3
1717,1,1.6,1,15,1,19,0.17,92,4,9,833,1010,2449,10,8,14,0,0,1,1
1001,0,2.3,1,13,0,26,0.64,154,7,22,536,821,394,18,9,7,1,0,0,0
730,0,1.6,0,15,0,2,0.78,141,5,20,468,954,583,10,8,14,1,0,1,0
1791,1,0.8,0,0,1,28,0.99,215,3,14,1226,1439,2415,13,6,14,1,0,1,2
2352,1,1.2,0,2,1,11,0.43,200,1,14,1396,1922,3217,13,8,16,1,0,1,2
1583,1,1.6,0,17,0,49,0.17,161,5,19,1089,1540,1639,14,9,18,0,0,1,1
853,0,0.5,1,8,0,34,0.73,187,5,16,838,1207,536,10,6,18,0,0,0,0
797,1,1.3,1,9,0,30,0.88,190,7,2,856,1110,1459,16,7,17,1,1,1,0
1028,1,2.9,1,3,1,53,0.62,143,5,8,724,1355,2490,14,3,7,0,1,0,1
636,1,1.1,1,11,1,38,0.81,194,2,9,634,693,929,15,3,10,1,1,0,0
1595,1,0.9,0,9,1,59,0.97,193,1,24,931,1187,1806,7,3,5,0,1,0,1
2305,0,2.3,0,3,1,2,0.58,149,2,21,1187,1897,3441,15,6,18,1,0,1,2
1785,1,2.5,0,6,0,22,0.59,138,8,10,1474,1455,3424,15,8,2,1,0,1,2
795,0,2.0,1,19,1,19,0.52,138,7,0,429,639,543,11,5,7,1,0,0,0
1015,1,0.9,0,5,0,35,0.73,136,2,3,759,905,1839,5,3,15,0,1,0,1
1165,0,1.6,0,10,1,33,0.37,181,8,4,570,982,718,12,3,17,1,1,1,0
1848,1,0.9,0,12,0,47,0.39,94,7,6,1584,1582,2799,12,6,5,1,1,1,2
2460,0,2.2,0,10,1,57,0.93,134,1,6,1556,2171,3486,5,5,18,0,1,0,3
2252,0,1.9,1,8,1,58,0.13,186,1,6,1559,1732,3369,15,5,19,1,1,0,3
1797,1,0.9,1,9,0,43,0.66,91,2,15,884,1306,1312,5,8,8,0,1,1,1
2577,1,2.2,1,5,0,53,0.78,189,1,20,1856,1795,3232,5,6,9,0,0,1,3
1626,0,2.2,1,12,0,37,0.62,196,6,9,1422,1327,3246,5,3,2,1,1,0,2
648,0,1.5,1,2,1,4,0.41,104,6,3,447,683,1158,7,3,9,1,1,0,0
2266,0,2.6,0,17,0,18,0.52,107,6,16,1462,1789,2378,12,8,10,0,1,0,2
1088,0,2.7,0,18,0,23,0.44,143,7,7,646,1033,1007,12,3,18,0,1,1,0
1041,0,2.5,1,11,0,35,0.17,188,3,8,735,1250,1139,19,2,18,1,0,1,0
1091,0,2.3,0,9,0,5,0.92,97,7,8,1026,1015,2373,19,4,2,1,1,0,1
1367,1,2.5,1,12,0,9,0.19,206,3,22,1067,1120,2389,14,3,3,1,0,0,1
1132,0,2.3,1,10,0,27,0.56,104,1,8,1188,1134,1489,12,8,5,1,0,1,1
2915,1,1.2,0,16,1,19,0.66,83,1,20,1441,1862,3209,16,4,11,0,1,1,3
2044,0,0.6,0,7,0,7,0.98,182,1,15,1367,1386,3356,16,3,19,1,0,0,2
1782,1,0.9,1,10,1,26,0.69,202,7,11,907,1008,1800,16,9,15,1,1,1,1
2265,1,2.8,1,17,1,34,0.77,145,7,14,1734,1967,3883,9,5,15,1,0,1,3
2291,0,2.6,1,7,0,2,0.61,118,2,14,1520,1801,2782,13,8,3,0,1,1,2
1623,0,1.1,1,16,0,63,0.58,200,5,0,1250,1467,2886,6,7,8,0,1,1,2
2607,0,2.0,1,2,0,62,0.11,95,2,12,1503,2043,3379,7,7,10,0,1,1,3
2030,1,2.4,1,6,0,16,0.57,144,1,12,1482,1704,3021,12,6,2,0,0,1,2
750,0,2.6,1,17,0,18,0.57,90,2,4,884,642,363,14,9,6,0,0,0,0
1166,0,0.9,0,17,1,16,0.66,206,4,19,526,868,916,12,6,9,0,1,1,0
1065,1,1.3,1,10,0,39,0.89,124,7,6,791,977,2397,16,3,9,0,0,0,1
1388,1,1.7,0,7,0,54,0.11,214,2,23,1024,1006,1224,7,6,10,0,0,1,1
2741,1,0.9,0,16,1,11,0.33,118,4,18,1702,1646,3577,14,8,18,1,1,0,3
2729,0,1.7,1,14,0,4,0.26,194,8,0,1935,2260,3823,11,4,3,1,0,1,3
2861,0,3.0,1,5,1,21,0.87,174,2,21,1427,1837,3970,8,2,9,1,0,1,3
2261,0,2.0,0,13,1,57,0.61,112,2,7,1691,1852,3511,6,2,12,1,1,1,3
1192,0,1.4,0,16,0,40,0.86,107,6,11,604,719,1285,13,4,10,0,1,0,0
2529,0,1.9,1,14,1,15,0.99,212,8,24,1408,1891,3281,15,7,8,0,1,1,3
2388,0,1.4,1,13,1,40,0.21,168,3,9,1286,1823,2481,9,6,13,1,1,1,2
1555,1,0.9,1,14,0,62,0.16,120,6,23,859,1555,1449,9,4,11,1,1,1,1
2252,1,2.6,1,6,0,35,0.8,138,4,7,1583,1679,3348,11,7,8,1,1,1,3
1602,0,1.1,0,18,0,40,0.83,121,4,14,1016,1071,1611,10,6,17,1,0,1,1
1179,0,2.8,1,12,0,20,0.48,148,6,15,811,778,845,9,9,13,0,1,1,0
699,1,1.1,1,2,0,15,0.1,164,7,18,765,1099,364,14,6,17,0,1,1,0
1111,0,2.2,0,0,1,23,0.14,92,2,22,492,942,358,8,6,2,0,0,1,0
1151,1,1.9,0,6,1,57,0.5,82,3,19,1129,1232,1820,15,9,17,0,0,0,1
924,1,2.8,0,1,0,40,0.64,116,1,24,506,1210,630,16,3,10,1,1,1,0
2223,0,2.9,0,5,0,5,0.23,183,1,19,1999,2390,3514,18,3,11,1,0,1,3
986,0,2.2,1,5,1,41,0.86,188,1,19,536,914,1203,14,7,14,0,0,0,0
2098,0,2.8,1,2,1,25,0.3,190,4,7,1047,1204,2919,15,4,9,1,1,0,2
791,1,0.7,0,1,0,53,0.39,167,7,6,460,1182,1142,14,7,8,1,0,1,0
1267,0,2.5,1,18,1,25,0.26,147,3,12,1010,1064,1225,8,4,18,1,1,1,1
2327,1,0.7,0,12,0,59,0.59,129,4,12,1805,1799,3572,9,4,9,1,1,0,3
1797,0,0.6,0,15,0,31,0.2,189,1,13,1028,1801,2833,11,4,19,0,0,1,2
2702,1,0.8,0,19,1,30,0.27,174,4,15,1619,1671,3575,18,8,7,0,1,0,3
1959,0,2.1,0,8,1,53,0.95,204,5,20,1110,1946,3261,19,5,11,1,0,1,2
2286,0,0.8,1,19,0,62,0.65,173,5,8,1444,1846,3779,10,8,11,1,1,0,3
1178,0,2.2,0,1,1,6,0.23,174,6,20,704,1347,1934,16,7,18,0,1,0,1
2899,1,2.6,0,15,0,12,0.46,179,7,14,1415,2332,3623,12,9,9,0,1,0,3
1069,1,0.9,0,5,0,6,0.22,134,8,10,1187,1183,1903,16,2,11,1,0,1,1
2327,0,1.3,1,15,0,4,0.78,82,3,17,1478,1986,2854,16,6,5,1,0,0,2
743,0,2.5,1,10,0,11,0.51,218,3,13,638,1057,758,5,3,8,1,1,1,0
2384,1,0.6,1,1,0,14,0.56,100,2,3,1171,1598,2915,9,4,2,0,1,0,2
1789,1,1.6,1,3,0,15,0.18,217,4,1,860,1057,1612,12,6,4,1,0,1,1
2527,0,1.3,0,11,1,34,0.65,175,7,22,1825,1889,3359,6,7,9,0,0,1,3
1731,1,2.8,1,7,0,63,0.98,142,5,24,1137,1340,2389,16,4,5,1,0,1,1
2356,1,1.4,0,5,1,4,0.66,158,7,21,1086,1643,2507,15,5,4,0,0,0,2
1659,1,1.6,1,11,1,59,0.53,176,8,20,1070,1286,1430,19,6,11,1,1,0,1
1854,1,0.5,1,3,1,11,0.48,162,5,7,1116,1619,3242,16,7,14,0,0,0,2
1737,0,0.7,0,9,1,61,0.96,173,7,22,818,919,1814,17,5,6,1,0,0,1
974,1,0.6,0,13,1,33,0.84,205,5,0,729,979,1339,14,4,12,0,1,0,0
876,1,0.8,1,14,1,4,0.23,116,4,14,833,691,1281,16,9,16,1,1,0,0
2544,0,2.5,1,3,0,28,0.96,142,4,16,1843,1967,3555,17,8,17,1,0,1,3
1278,0,1.1,1,4,0,59,0.91,111,7,16,941,1586,1215,10,4,6,0,1,1,1
1680,1,2.0,1,2,0,48,0.33,94,8,22,1196,1589,2622,12,4,19,0,0,0,2
645,1,0.9,1,12,0,42,0.52,206,3,22,527,709,1259,19,6,14,0,1,1,0
1691,0,2.4,0,13,0,38,0.41,171,7,4,1278,1837,2590,7,2,18,0,0,1,2
2565,1,2.1,0,8,1,40,0.95,123,8,20,1545,2156,3915,6,4,12,1,0,0,3
822,0,2.2,0,10,1,30,0.69,163,2,19,521,805,1272,17,4,6,0,1,0,0
1824,1,2.2,1,6,1,63,0.46,192,5,18,1027,1209,3041,7,3,19,1,0,1,2
2370,0,0.9,0,13,1,21,0.84,149,1,10,1646,1902,3848,11,5,12,1,0,1,3
2656,1,1.7,0,11,1,15,1.0,88,5,8,1893,2182,3870,9,8,15,1,0,0,3
719,0,1.4,0,7,0,9,0.14,177,3,3,447,1027,1285,16,4,4,0,1,0,0
1410,1,0.6,0,1,1,11,0.19,122,4,15,742,1107,1267,16,2,18,1,1,1,1
2860,1,1.3,1,5,1,9,0.96,160,5,16,1774,1626,3840,8,8,4,0,1,1,3
759,1,1.2,0,10,1,11,0.12,211,1,24,468,1197,885,6,2,11,1,0,0,0
1626,0,0.6,1,7,1,10,0.33,126,5,15,1494,1612,2255,6,3,14,0,1,1,2
1875,1,2.2,1,9,0,27,0.25,113,5,14,1411,1259,2748,17,5,17,0,1,1,2
2355,0,1.5,1,19,1,42,0.15,151,4,11,1734,2016,3552,5,2,8,1,1,1,3
1071,0,2.4,1,11,1,61,0.95,128,4,18,549,1207,359,11,4,15,1,0,0,0
2297,1,2.8,1,0,1,55,0.44,150,1,0,1688,1901,3297,9,5,8,0,0,1,3
653,0,1.2,1,17,0,31,0.89,93,3,1,824,705,605,11,4,18,0,0,1,0
2460,0,2.1,1,16,1,43,0.88,112,8,21,1845,1942,3715,17,3,11,0,1,1,3
1270,1,2.6,0,13,1,59,0.69,89,5,8,926,944,2483,12,3,14,1,1,0,1
1163,0,1.2,1,13,0,56,0.54,128,4,22,641,1254,1167,10,4,19,1,1,0,0
1608,1,1.6,0,11,1,13,0.67,141,6,4,1162,1840,2848,19,3,3,1,1,1,2
2310,0,0.9,0,15,0,47,0.64,198,6,17,1064,1715,3416,5,5,15,1,1,0,2
2151,1,0.6,1,18,0,57,0.35,146,4,3,1254,1697,2543,7,7,6,0,0,0,2
2166,0,0.6,1,14,1,15,0.23,155,7,1,1551,2055,3374,9,8,19,1,0,1,3
2092,1,2.9,0,7,1,60,0.96,214,1,23,1165,1714,2873,7,5,8,0,1,0,2
2332,1,2.3,0,3,0,29,0.23,198,4,6,1955,1720,3782,7,5,18,1,0,0,3
2234,1,1.0,1,14,1,32,0.36,156,2,17,1373,1827,2986,17,3,6,1,0,1,2
